-- MySQL dump 10.13  Distrib 8.0.18, for Win64 (x86_64)
--
-- Host: localhost    Database: smartdelta__pcd
-- ------------------------------------------------------
-- Server version	8.0.18

/*!40101 SET @OLD_CHARACTER_SET_CLIENT=@@CHARACTER_SET_CLIENT */;
/*!40101 SET @OLD_CHARACTER_SET_RESULTS=@@CHARACTER_SET_RESULTS */;
/*!40101 SET @OLD_COLLATION_CONNECTION=@@COLLATION_CONNECTION */;
/*!50503 SET NAMES utf8 */;
/*!40103 SET @OLD_TIME_ZONE=@@TIME_ZONE */;
/*!40103 SET TIME_ZONE='+00:00' */;
/*!40014 SET @OLD_UNIQUE_CHECKS=@@UNIQUE_CHECKS, UNIQUE_CHECKS=0 */;
/*!40014 SET @OLD_FOREIGN_KEY_CHECKS=@@FOREIGN_KEY_CHECKS, FOREIGN_KEY_CHECKS=0 */;
/*!40101 SET @OLD_SQL_MODE=@@SQL_MODE, SQL_MODE='NO_AUTO_VALUE_ON_ZERO' */;
/*!40111 SET @OLD_SQL_NOTES=@@SQL_NOTES, SQL_NOTES=0 */;

--
-- Table structure for table `tbl_ex_fileinfo`
--

--CREATE schema smartdelta__pcd;

--USE smartdelta__pcd;

DROP TABLE IF EXISTS `tbl_ex_fileinfo`;
/*!40101 SET @saved_cs_client     = @@character_set_client */;
/*!50503 SET character_set_client = utf8mb4 */;
CREATE TABLE `tbl_ex_fileinfo` (
  `fileid` int(11) NOT NULL AUTO_INCREMENT,
  `filename` varchar(400) NOT NULL,
  `filelocation` varchar(4000) NOT NULL,
  `folderid` int(11) DEFAULT NULL,
  `simfilecount` int(11) DEFAULT NULL,
  `createddate` date DEFAULT NULL,
  `modifieddate` date DEFAULT NULL,
  PRIMARY KEY (`fileid`),
  KEY `folderid_idx` (`folderid`),
  CONSTRAINT `folderid` FOREIGN KEY (`folderid`) REFERENCES `tbl_ex_folderinfo` (`Folderid`)
) ENGINE=InnoDB AUTO_INCREMENT=73 DEFAULT CHARSET=utf8mb4 COLLATE=utf8mb4_0900_ai_ci;
/*!40101 SET character_set_client = @saved_cs_client */;

--
-- Dumping data for table `tbl_ex_fileinfo`
--

LOCK TABLES `tbl_ex_fileinfo` WRITE;
/*!40000 ALTER TABLE `tbl_ex_fileinfo` DISABLE KEYS */;
INSERT INTO `tbl_ex_fileinfo` VALUES (1,'elevator2.log','C:\\Users\\sab\\Downloads\\Vulnerablity\\SmartDelta\\Akka\\samples\\poc_new\\architecture_visualization_tool_db_changes\\architecture_visualization_tool\\dualstackLogs\\elevator\\elevator2.log',1,12,'2023-06-28','2023-06-28'),(2,'elevator3.log','C:\\Users\\sab\\Downloads\\Vulnerablity\\SmartDelta\\Akka\\samples\\poc_new\\architecture_visualization_tool_db_changes\\architecture_visualization_tool\\dualstackLogs\\elevator\\elevator3.log',1,3,'2023-06-28','2023-06-28'),(3,'elevator4.log','C:\\Users\\sab\\Downloads\\Vulnerablity\\SmartDelta\\Akka\\samples\\poc_new\\architecture_visualization_tool_db_changes\\architecture_visualization_tool\\dualstackLogs\\elevator\\elevator4.log',1,0,'2023-06-28','2023-06-28'),(4,'elevator5.log','C:\\Users\\sab\\Downloads\\Vulnerablity\\SmartDelta\\Akka\\samples\\poc_new\\architecture_visualization_tool_db_changes\\architecture_visualization_tool\\dualstackLogs\\elevator\\elevator5.log',1,12,'2023-06-28','2023-06-28'),(5,'elevator6.log','C:\\Users\\sab\\Downloads\\Vulnerablity\\SmartDelta\\Akka\\samples\\poc_new\\architecture_visualization_tool_db_changes\\architecture_visualization_tool\\dualstackLogs\\elevator\\elevator6.log',1,1,'2023-06-28','2023-06-28'),(6,'elevator7.log','C:\\Users\\sab\\Downloads\\Vulnerablity\\SmartDelta\\Akka\\samples\\poc_new\\architecture_visualization_tool_db_changes\\architecture_visualization_tool\\dualstackLogs\\elevator\\elevator7.log',1,1,'2023-06-28','2023-06-28'),(7,'elevator8.log','C:\\Users\\sab\\Downloads\\Vulnerablity\\SmartDelta\\Akka\\samples\\poc_new\\architecture_visualization_tool_db_changes\\architecture_visualization_tool\\dualstackLogs\\elevator\\elevator8.log',1,0,'2023-06-28','2023-06-28'),(8,'elevator9.log','C:\\Users\\sab\\Downloads\\Vulnerablity\\SmartDelta\\Akka\\samples\\poc_new\\architecture_visualization_tool_db_changes\\architecture_visualization_tool\\dualstackLogs\\elevator\\elevator9.log',1,0,'2023-06-28','2023-06-28'),(9,'calc_log_1.log','C:\\Users\\sab\\Downloads\\Vulnerablity\\SmartDelta\\Akka\\samples\\poc_new\\architecture_visualization_tool_db_changes\\architecture_visualization_tool\\dualstackLogs\\calculator\\calc_log_1.log',2,3,'2023-07-04','2023-03-22'),(10,'calc_log_10.log','C:\\Users\\sab\\Downloads\\Vulnerablity\\SmartDelta\\Akka\\samples\\poc_new\\architecture_visualization_tool_db_changes\\architecture_visualization_tool\\dualstackLogs\\calculator\\calc_log_10.log',2,0,'2023-07-04','2023-03-23'),(11,'calc_log_2.log','C:\\Users\\sab\\Downloads\\Vulnerablity\\SmartDelta\\Akka\\samples\\poc_new\\architecture_visualization_tool_db_changes\\architecture_visualization_tool\\dualstackLogs\\calculator\\calc_log_2.log',2,3,'2023-07-04','2023-06-19'),(12,'calc_log_3.log','C:\\Users\\sab\\Downloads\\Vulnerablity\\SmartDelta\\Akka\\samples\\poc_new\\architecture_visualization_tool_db_changes\\architecture_visualization_tool\\dualstackLogs\\calculator\\calc_log_3.log',2,0,'2023-07-04','2023-03-22'),(13,'calc_log_4.log','C:\\Users\\sab\\Downloads\\Vulnerablity\\SmartDelta\\Akka\\samples\\poc_new\\architecture_visualization_tool_db_changes\\architecture_visualization_tool\\dualstackLogs\\calculator\\calc_log_4.log',2,0,'2023-07-04','2023-03-22'),(14,'calc_log_5.log','C:\\Users\\sab\\Downloads\\Vulnerablity\\SmartDelta\\Akka\\samples\\poc_new\\architecture_visualization_tool_db_changes\\architecture_visualization_tool\\dualstackLogs\\calculator\\calc_log_5.log',2,0,'2023-07-04','2023-03-22'),(15,'calc_log_6.log','C:\\Users\\sab\\Downloads\\Vulnerablity\\SmartDelta\\Akka\\samples\\poc_new\\architecture_visualization_tool_db_changes\\architecture_visualization_tool\\dualstackLogs\\calculator\\calc_log_6.log',2,0,'2023-07-04','2023-03-22'),(16,'calc_log_7.log','C:\\Users\\sab\\Downloads\\Vulnerablity\\SmartDelta\\Akka\\samples\\poc_new\\architecture_visualization_tool_db_changes\\architecture_visualization_tool\\dualstackLogs\\calculator\\calc_log_7.log',2,0,'2023-07-04','2023-03-22'),(17,'calc_log_8.log','C:\\Users\\sab\\Downloads\\Vulnerablity\\SmartDelta\\Akka\\samples\\poc_new\\architecture_visualization_tool_db_changes\\architecture_visualization_tool\\dualstackLogs\\calculator\\calc_log_8.log',2,3,'2023-07-04','2023-03-22'),(18,'calc_log_9.log','C:\\Users\\sab\\Downloads\\Vulnerablity\\SmartDelta\\Akka\\samples\\poc_new\\architecture_visualization_tool_db_changes\\architecture_visualization_tool\\dualstackLogs\\calculator\\calc_log_9.log',2,3,'2023-07-04','2023-03-22'),(19,'elevator10.log','C:\\Users\\sab\\Downloads\\Vulnerablity\\SmartDelta\\Akka\\samples\\poc_new\\architecture_visualization_tool_db_changes\\architecture_visualization_tool\\dualstackLogs\\elevator_all\\elevator10.log',3,1,'2023-07-06','2023-06-15'),(20,'elevator11.log','C:\\Users\\sab\\Downloads\\Vulnerablity\\SmartDelta\\Akka\\samples\\poc_new\\architecture_visualization_tool_db_changes\\architecture_visualization_tool\\dualstackLogs\\elevator_all\\elevator11.log',3,0,'2023-07-06','2023-06-15'),(21,'elevator12.log','C:\\Users\\sab\\Downloads\\Vulnerablity\\SmartDelta\\Akka\\samples\\poc_new\\architecture_visualization_tool_db_changes\\architecture_visualization_tool\\dualstackLogs\\elevator_all\\elevator12.log',3,5,'2023-07-06','2023-06-15'),(22,'elevator13.log','C:\\Users\\sab\\Downloads\\Vulnerablity\\SmartDelta\\Akka\\samples\\poc_new\\architecture_visualization_tool_db_changes\\architecture_visualization_tool\\dualstackLogs\\elevator_all\\elevator13.log',3,0,'2023-07-06','2023-06-15'),(23,'elevator14.log','C:\\Users\\sab\\Downloads\\Vulnerablity\\SmartDelta\\Akka\\samples\\poc_new\\architecture_visualization_tool_db_changes\\architecture_visualization_tool\\dualstackLogs\\elevator_all\\elevator14.log',3,7,'2023-07-06','2023-06-15'),(24,'elevator15.log','C:\\Users\\sab\\Downloads\\Vulnerablity\\SmartDelta\\Akka\\samples\\poc_new\\architecture_visualization_tool_db_changes\\architecture_visualization_tool\\dualstackLogs\\elevator_all\\elevator15.log',3,3,'2023-07-06','2023-06-15'),(25,'elevator16.log','C:\\Users\\sab\\Downloads\\Vulnerablity\\SmartDelta\\Akka\\samples\\poc_new\\architecture_visualization_tool_db_changes\\architecture_visualization_tool\\dualstackLogs\\elevator_all\\elevator16.log',3,0,'2023-07-06','2023-06-15'),(26,'elevator17.log','C:\\Users\\sab\\Downloads\\Vulnerablity\\SmartDelta\\Akka\\samples\\poc_new\\architecture_visualization_tool_db_changes\\architecture_visualization_tool\\dualstackLogs\\elevator_all\\elevator17.log',3,6,'2023-07-06','2023-06-15'),(27,'elevator18.log','C:\\Users\\sab\\Downloads\\Vulnerablity\\SmartDelta\\Akka\\samples\\poc_new\\architecture_visualization_tool_db_changes\\architecture_visualization_tool\\dualstackLogs\\elevator_all\\elevator18.log',3,5,'2023-07-06','2023-06-15'),(28,'elevator19.log','C:\\Users\\sab\\Downloads\\Vulnerablity\\SmartDelta\\Akka\\samples\\poc_new\\architecture_visualization_tool_db_changes\\architecture_visualization_tool\\dualstackLogs\\elevator_all\\elevator19.log',3,1,'2023-07-06','2023-06-15'),(29,'elevator2.log','C:\\Users\\sab\\Downloads\\Vulnerablity\\SmartDelta\\Akka\\samples\\poc_new\\architecture_visualization_tool_db_changes\\architecture_visualization_tool\\dualstackLogs\\elevator_all\\elevator2.log',3,12,'2023-07-06','2023-06-07'),(30,'elevator20.log','C:\\Users\\sab\\Downloads\\Vulnerablity\\SmartDelta\\Akka\\samples\\poc_new\\architecture_visualization_tool_db_changes\\architecture_visualization_tool\\dualstackLogs\\elevator_all\\elevator20.log',3,1,'2023-07-06','2023-06-15'),(31,'elevator21.log','C:\\Users\\sab\\Downloads\\Vulnerablity\\SmartDelta\\Akka\\samples\\poc_new\\architecture_visualization_tool_db_changes\\architecture_visualization_tool\\dualstackLogs\\elevator_all\\elevator21.log',3,7,'2023-07-06','2023-06-15'),(32,'elevator22.log','C:\\Users\\sab\\Downloads\\Vulnerablity\\SmartDelta\\Akka\\samples\\poc_new\\architecture_visualization_tool_db_changes\\architecture_visualization_tool\\dualstackLogs\\elevator_all\\elevator22.log',3,6,'2023-07-06','2023-06-15'),(33,'elevator23.log','C:\\Users\\sab\\Downloads\\Vulnerablity\\SmartDelta\\Akka\\samples\\poc_new\\architecture_visualization_tool_db_changes\\architecture_visualization_tool\\dualstackLogs\\elevator_all\\elevator23.log',3,6,'2023-07-06','2023-06-15'),(34,'elevator24.log','C:\\Users\\sab\\Downloads\\Vulnerablity\\SmartDelta\\Akka\\samples\\poc_new\\architecture_visualization_tool_db_changes\\architecture_visualization_tool\\dualstackLogs\\elevator_all\\elevator24.log',3,7,'2023-07-06','2023-06-15'),(35,'elevator25.log','C:\\Users\\sab\\Downloads\\Vulnerablity\\SmartDelta\\Akka\\samples\\poc_new\\architecture_visualization_tool_db_changes\\architecture_visualization_tool\\dualstackLogs\\elevator_all\\elevator25.log',3,3,'2023-07-06','2023-06-15'),(36,'elevator26.log','C:\\Users\\sab\\Downloads\\Vulnerablity\\SmartDelta\\Akka\\samples\\poc_new\\architecture_visualization_tool_db_changes\\architecture_visualization_tool\\dualstackLogs\\elevator_all\\elevator26.log',3,0,'2023-07-06','2023-06-15'),(37,'elevator27.log','C:\\Users\\sab\\Downloads\\Vulnerablity\\SmartDelta\\Akka\\samples\\poc_new\\architecture_visualization_tool_db_changes\\architecture_visualization_tool\\dualstackLogs\\elevator_all\\elevator27.log',3,0,'2023-07-06','2023-06-15'),(38,'elevator28.log','C:\\Users\\sab\\Downloads\\Vulnerablity\\SmartDelta\\Akka\\samples\\poc_new\\architecture_visualization_tool_db_changes\\architecture_visualization_tool\\dualstackLogs\\elevator_all\\elevator28.log',3,14,'2023-07-06','2023-06-15'),(39,'elevator29.log','C:\\Users\\sab\\Downloads\\Vulnerablity\\SmartDelta\\Akka\\samples\\poc_new\\architecture_visualization_tool_db_changes\\architecture_visualization_tool\\dualstackLogs\\elevator_all\\elevator29.log',3,4,'2023-07-06','2023-06-15'),(40,'elevator3.log','C:\\Users\\sab\\Downloads\\Vulnerablity\\SmartDelta\\Akka\\samples\\poc_new\\architecture_visualization_tool_db_changes\\architecture_visualization_tool\\dualstackLogs\\elevator_all\\elevator3.log',3,3,'2023-07-06','2023-06-08'),(41,'elevator30.log','C:\\Users\\sab\\Downloads\\Vulnerablity\\SmartDelta\\Akka\\samples\\poc_new\\architecture_visualization_tool_db_changes\\architecture_visualization_tool\\dualstackLogs\\elevator_all\\elevator30.log',3,0,'2023-07-06','2023-06-15'),(42,'elevator31.log','C:\\Users\\sab\\Downloads\\Vulnerablity\\SmartDelta\\Akka\\samples\\poc_new\\architecture_visualization_tool_db_changes\\architecture_visualization_tool\\dualstackLogs\\elevator_all\\elevator31.log',3,14,'2023-07-06','2023-06-15'),(43,'elevator32.log','C:\\Users\\sab\\Downloads\\Vulnerablity\\SmartDelta\\Akka\\samples\\poc_new\\architecture_visualization_tool_db_changes\\architecture_visualization_tool\\dualstackLogs\\elevator_all\\elevator32.log',3,9,'2023-07-06','2023-06-15'),(44,'elevator33.log','C:\\Users\\sab\\Downloads\\Vulnerablity\\SmartDelta\\Akka\\samples\\poc_new\\architecture_visualization_tool_db_changes\\architecture_visualization_tool\\dualstackLogs\\elevator_all\\elevator33.log',3,0,'2023-07-06','2023-06-15'),(45,'elevator34.log','C:\\Users\\sab\\Downloads\\Vulnerablity\\SmartDelta\\Akka\\samples\\poc_new\\architecture_visualization_tool_db_changes\\architecture_visualization_tool\\dualstackLogs\\elevator_all\\elevator34.log',3,0,'2023-07-06','2023-06-15'),(46,'elevator35.log','C:\\Users\\sab\\Downloads\\Vulnerablity\\SmartDelta\\Akka\\samples\\poc_new\\architecture_visualization_tool_db_changes\\architecture_visualization_tool\\dualstackLogs\\elevator_all\\elevator35.log',3,0,'2023-07-06','2023-06-15'),(47,'elevator36.log','C:\\Users\\sab\\Downloads\\Vulnerablity\\SmartDelta\\Akka\\samples\\poc_new\\architecture_visualization_tool_db_changes\\architecture_visualization_tool\\dualstackLogs\\elevator_all\\elevator36.log',3,2,'2023-07-06','2023-06-15'),(48,'elevator37.log','C:\\Users\\sab\\Downloads\\Vulnerablity\\SmartDelta\\Akka\\samples\\poc_new\\architecture_visualization_tool_db_changes\\architecture_visualization_tool\\dualstackLogs\\elevator_all\\elevator37.log',3,4,'2023-07-06','2023-06-15'),(49,'elevator38.log','C:\\Users\\sab\\Downloads\\Vulnerablity\\SmartDelta\\Akka\\samples\\poc_new\\architecture_visualization_tool_db_changes\\architecture_visualization_tool\\dualstackLogs\\elevator_all\\elevator38.log',3,1,'2023-07-06','2023-06-15'),(50,'elevator39.log','C:\\Users\\sab\\Downloads\\Vulnerablity\\SmartDelta\\Akka\\samples\\poc_new\\architecture_visualization_tool_db_changes\\architecture_visualization_tool\\dualstackLogs\\elevator_all\\elevator39.log',3,3,'2023-07-06','2023-06-15'),(51,'elevator4.log','C:\\Users\\sab\\Downloads\\Vulnerablity\\SmartDelta\\Akka\\samples\\poc_new\\architecture_visualization_tool_db_changes\\architecture_visualization_tool\\dualstackLogs\\elevator_all\\elevator4.log',3,0,'2023-07-06','2023-06-08'),(52,'elevator40.log','C:\\Users\\sab\\Downloads\\Vulnerablity\\SmartDelta\\Akka\\samples\\poc_new\\architecture_visualization_tool_db_changes\\architecture_visualization_tool\\dualstackLogs\\elevator_all\\elevator40.log',3,1,'2023-07-06','2023-06-15'),(53,'elevator41.log','C:\\Users\\sab\\Downloads\\Vulnerablity\\SmartDelta\\Akka\\samples\\poc_new\\architecture_visualization_tool_db_changes\\architecture_visualization_tool\\dualstackLogs\\elevator_all\\elevator41.log',3,0,'2023-07-06','2023-06-15'),(54,'elevator42.log','C:\\Users\\sab\\Downloads\\Vulnerablity\\SmartDelta\\Akka\\samples\\poc_new\\architecture_visualization_tool_db_changes\\architecture_visualization_tool\\dualstackLogs\\elevator_all\\elevator42.log',3,0,'2023-07-06','2023-06-15'),(55,'elevator43.log','C:\\Users\\sab\\Downloads\\Vulnerablity\\SmartDelta\\Akka\\samples\\poc_new\\architecture_visualization_tool_db_changes\\architecture_visualization_tool\\dualstackLogs\\elevator_all\\elevator43.log',3,2,'2023-07-06','2023-06-15'),(56,'elevator44.log','C:\\Users\\sab\\Downloads\\Vulnerablity\\SmartDelta\\Akka\\samples\\poc_new\\architecture_visualization_tool_db_changes\\architecture_visualization_tool\\dualstackLogs\\elevator_all\\elevator44.log',3,9,'2023-07-06','2023-06-15'),(57,'elevator45.log','C:\\Users\\sab\\Downloads\\Vulnerablity\\SmartDelta\\Akka\\samples\\poc_new\\architecture_visualization_tool_db_changes\\architecture_visualization_tool\\dualstackLogs\\elevator_all\\elevator45.log',3,7,'2023-07-06','2023-06-15'),(58,'elevator46.log','C:\\Users\\sab\\Downloads\\Vulnerablity\\SmartDelta\\Akka\\samples\\poc_new\\architecture_visualization_tool_db_changes\\architecture_visualization_tool\\dualstackLogs\\elevator_all\\elevator46.log',3,0,'2023-07-06','2023-06-15'),(59,'elevator47.log','C:\\Users\\sab\\Downloads\\Vulnerablity\\SmartDelta\\Akka\\samples\\poc_new\\architecture_visualization_tool_db_changes\\architecture_visualization_tool\\dualstackLogs\\elevator_all\\elevator47.log',3,0,'2023-07-06','2023-06-15'),(60,'elevator48.log','C:\\Users\\sab\\Downloads\\Vulnerablity\\SmartDelta\\Akka\\samples\\poc_new\\architecture_visualization_tool_db_changes\\architecture_visualization_tool\\dualstackLogs\\elevator_all\\elevator48.log',3,1,'2023-07-06','2023-06-15'),(61,'elevator49.log','C:\\Users\\sab\\Downloads\\Vulnerablity\\SmartDelta\\Akka\\samples\\poc_new\\architecture_visualization_tool_db_changes\\architecture_visualization_tool\\dualstackLogs\\elevator_all\\elevator49.log',3,2,'2023-07-06','2023-06-15'),(62,'elevator5.log','C:\\Users\\sab\\Downloads\\Vulnerablity\\SmartDelta\\Akka\\samples\\poc_new\\architecture_visualization_tool_db_changes\\architecture_visualization_tool\\dualstackLogs\\elevator_all\\elevator5.log',3,12,'2023-07-06','2023-06-07'),(63,'elevator50.log','C:\\Users\\sab\\Downloads\\Vulnerablity\\SmartDelta\\Akka\\samples\\poc_new\\architecture_visualization_tool_db_changes\\architecture_visualization_tool\\dualstackLogs\\elevator_all\\elevator50.log',3,1,'2023-07-06','2023-06-15'),(64,'elevator51.log','C:\\Users\\sab\\Downloads\\Vulnerablity\\SmartDelta\\Akka\\samples\\poc_new\\architecture_visualization_tool_db_changes\\architecture_visualization_tool\\dualstackLogs\\elevator_all\\elevator51.log',3,3,'2023-07-06','2023-06-15'),(65,'elevator52.log','C:\\Users\\sab\\Downloads\\Vulnerablity\\SmartDelta\\Akka\\samples\\poc_new\\architecture_visualization_tool_db_changes\\architecture_visualization_tool\\dualstackLogs\\elevator_all\\elevator52.log',3,0,'2023-07-06','2023-06-15'),(66,'elevator53.log','C:\\Users\\sab\\Downloads\\Vulnerablity\\SmartDelta\\Akka\\samples\\poc_new\\architecture_visualization_tool_db_changes\\architecture_visualization_tool\\dualstackLogs\\elevator_all\\elevator53.log',3,3,'2023-07-06','2023-06-15'),(67,'elevator54.log','C:\\Users\\sab\\Downloads\\Vulnerablity\\SmartDelta\\Akka\\samples\\poc_new\\architecture_visualization_tool_db_changes\\architecture_visualization_tool\\dualstackLogs\\elevator_all\\elevator54.log',3,1,'2023-07-06','2023-06-15'),(68,'elevator55.log','C:\\Users\\sab\\Downloads\\Vulnerablity\\SmartDelta\\Akka\\samples\\poc_new\\architecture_visualization_tool_db_changes\\architecture_visualization_tool\\dualstackLogs\\elevator_all\\elevator55.log',3,0,'2023-07-06','2023-06-15'),(69,'elevator6.log','C:\\Users\\sab\\Downloads\\Vulnerablity\\SmartDelta\\Akka\\samples\\poc_new\\architecture_visualization_tool_db_changes\\architecture_visualization_tool\\dualstackLogs\\elevator_all\\elevator6.log',3,1,'2023-07-06','2023-06-08'),(70,'elevator7.log','C:\\Users\\sab\\Downloads\\Vulnerablity\\SmartDelta\\Akka\\samples\\poc_new\\architecture_visualization_tool_db_changes\\architecture_visualization_tool\\dualstackLogs\\elevator_all\\elevator7.log',3,1,'2023-07-06','2023-06-08'),(71,'elevator8.log','C:\\Users\\sab\\Downloads\\Vulnerablity\\SmartDelta\\Akka\\samples\\poc_new\\architecture_visualization_tool_db_changes\\architecture_visualization_tool\\dualstackLogs\\elevator_all\\elevator8.log',3,0,'2023-07-06','2023-06-08'),(72,'elevator9.log','C:\\Users\\sab\\Downloads\\Vulnerablity\\SmartDelta\\Akka\\samples\\poc_new\\architecture_visualization_tool_db_changes\\architecture_visualization_tool\\dualstackLogs\\elevator_all\\elevator9.log',3,0,'2023-07-06','2023-06-08');
/*!40000 ALTER TABLE `tbl_ex_fileinfo` ENABLE KEYS */;
UNLOCK TABLES;
/*!40103 SET TIME_ZONE=@OLD_TIME_ZONE */;

/*!40101 SET SQL_MODE=@OLD_SQL_MODE */;
/*!40014 SET FOREIGN_KEY_CHECKS=@OLD_FOREIGN_KEY_CHECKS */;
/*!40014 SET UNIQUE_CHECKS=@OLD_UNIQUE_CHECKS */;
/*!40101 SET CHARACTER_SET_CLIENT=@OLD_CHARACTER_SET_CLIENT */;
/*!40101 SET CHARACTER_SET_RESULTS=@OLD_CHARACTER_SET_RESULTS */;
/*!40101 SET COLLATION_CONNECTION=@OLD_COLLATION_CONNECTION */;
/*!40111 SET SQL_NOTES=@OLD_SQL_NOTES */;

-- Dump completed on 2023-07-07  2:45:42


DROP TABLE IF EXISTS `tbl_ex_folderinfo`;
/*!40101 SET @saved_cs_client     = @@character_set_client */;
/*!50503 SET character_set_client = utf8mb4 */;
CREATE TABLE `tbl_ex_folderinfo` (
  `Folderid` int(11) NOT NULL AUTO_INCREMENT,
  `FolderName` varchar(200) DEFAULT NULL,
  `FolderLocation` varchar(4000) DEFAULT NULL,
  PRIMARY KEY (`Folderid`)
) ENGINE=InnoDB AUTO_INCREMENT=4 DEFAULT CHARSET=utf8mb4 COLLATE=utf8mb4_0900_ai_ci;
/*!40101 SET character_set_client = @saved_cs_client */;

--
-- Dumping data for table `tbl_ex_folderinfo`
--

LOCK TABLES `tbl_ex_folderinfo` WRITE;
/*!40000 ALTER TABLE `tbl_ex_folderinfo` DISABLE KEYS */;
INSERT INTO `tbl_ex_folderinfo` VALUES (1,'elevator','C:\\Users\\sab\\Downloads\\Vulnerablity\\SmartDelta\\Akka\\samples\\poc_new\\architecture_visualization_tool_db_changes\\architecture_visualization_tool\\dualstackLogs\\elevator'),(2,'calculator','C:\\Users\\sab\\Downloads\\Vulnerablity\\SmartDelta\\Akka\\samples\\poc_new\\architecture_visualization_tool_db_changes\\architecture_visualization_tool\\dualstackLogs\\calculator'),(3,'elevator_all','C:\\Users\\sab\\Downloads\\Vulnerablity\\SmartDelta\\Akka\\samples\\poc_new\\architecture_visualization_tool_db_changes\\architecture_visualization_tool\\dualstackLogs\\elevator_all');
/*!40000 ALTER TABLE `tbl_ex_folderinfo` ENABLE KEYS */;
UNLOCK TABLES;
/*!40103 SET TIME_ZONE=@OLD_TIME_ZONE */;

/*!40101 SET SQL_MODE=@OLD_SQL_MODE */;
/*!40014 SET FOREIGN_KEY_CHECKS=@OLD_FOREIGN_KEY_CHECKS */;
/*!40014 SET UNIQUE_CHECKS=@OLD_UNIQUE_CHECKS */;
/*!40101 SET CHARACTER_SET_CLIENT=@OLD_CHARACTER_SET_CLIENT */;
/*!40101 SET CHARACTER_SET_RESULTS=@OLD_CHARACTER_SET_RESULTS */;
/*!40101 SET COLLATION_CONNECTION=@OLD_COLLATION_CONNECTION */;
/*!40111 SET SQL_NOTES=@OLD_SQL_NOTES */;

-- MySQL dump 10.13  Distrib 8.0.18, for Win64 (x86_64)
--
-- Host: localhost    Database: smartdelta__pcd
-- ------------------------------------------------------
-- Server version	8.0.18

/*!40101 SET @OLD_CHARACTER_SET_CLIENT=@@CHARACTER_SET_CLIENT */;
/*!40101 SET @OLD_CHARACTER_SET_RESULTS=@@CHARACTER_SET_RESULTS */;
/*!40101 SET @OLD_COLLATION_CONNECTION=@@COLLATION_CONNECTION */;
/*!50503 SET NAMES utf8 */;
/*!40103 SET @OLD_TIME_ZONE=@@TIME_ZONE */;
/*!40103 SET TIME_ZONE='+00:00' */;
/*!40014 SET @OLD_UNIQUE_CHECKS=@@UNIQUE_CHECKS, UNIQUE_CHECKS=0 */;
/*!40014 SET @OLD_FOREIGN_KEY_CHECKS=@@FOREIGN_KEY_CHECKS, FOREIGN_KEY_CHECKS=0 */;
/*!40101 SET @OLD_SQL_MODE=@@SQL_MODE, SQL_MODE='NO_AUTO_VALUE_ON_ZERO' */;
/*!40111 SET @OLD_SQL_NOTES=@@SQL_NOTES, SQL_NOTES=0 */;

--
-- Table structure for table `tbl_viz_heatmaps`
--

DROP TABLE IF EXISTS `tbl_viz_heatmaps`;
/*!40101 SET @saved_cs_client     = @@character_set_client */;
/*!50503 SET character_set_client = utf8mb4 */;
CREATE TABLE `tbl_viz_heatmaps` (
  `fileid` int(11) DEFAULT NULL,
  `data` longtext,
  `states` longtext,
  KEY `fileid` (`fileid`),
  CONSTRAINT `tbl_viz_heatmaps_ibfk_1` FOREIGN KEY (`fileid`) REFERENCES `tbl_ex_fileinfo` (`fileid`) ON DELETE CASCADE ON UPDATE RESTRICT
) ENGINE=InnoDB DEFAULT CHARSET=utf8mb4 COLLATE=utf8mb4_0900_ai_ci;
/*!40101 SET character_set_client = @saved_cs_client */;

--
-- Dumping data for table `tbl_viz_heatmaps`
--

LOCK TABLES `tbl_viz_heatmaps` WRITE;
/*!40000 ALTER TABLE `tbl_viz_heatmaps` DISABLE KEYS */;
INSERT INTO `tbl_viz_heatmaps` VALUES (1,'[[0, 1, 0, 0, 0, 0, 0, 0, 0, 0, 0, 0, 0, 0, 0, 0], [0, 0, 1, 1, 1, 0, 0, 0, 0, 0, 0, 0, 0, 0, 0, 0], [0, 0, 0, 0, 0, 0, 0, 0, 0, 0, 0, 0, 0, 0, 0, 0], [0, 0, 0, 0, 0, 0, 0, 0, 0, 0, 0, 0, 0, 0, 0, 0], [0, 0, 0, 0, 0, 1, 0, 0, 0, 0, 0, 0, 0, 0, 0, 0], [0, 0, 0, 0, 0, 0, 1, 1, 0, 0, 0, 0, 0, 0, 0, 0], [0, 0, 0, 0, 0, 0, 0, 0, 0, 0, 0, 0, 0, 0, 0, 0], [0, 0, 0, 0, 0, 0, 0, 0, 1, 0, 0, 0, 0, 0, 0, 0], [0, 0, 0, 0, 0, 0, 0, 0, 1, 1, 0, 0, 0, 0, 0, 0], [0, 0, 0, 0, 0, 0, 0, 0, 0, 4, 1, 0, 1, 0, 0, 0], [0, 0, 0, 0, 0, 0, 0, 0, 0, 0, 1, 1, 0, 0, 0, 0], [0, 0, 0, 0, 0, 0, 0, 0, 0, 1, 0, 3, 0, 0, 0, 0], [0, 0, 0, 0, 0, 0, 0, 0, 0, 0, 0, 0, 0, 1, 0, 0], [0, 0, 0, 0, 0, 0, 0, 0, 0, 0, 0, 0, 0, 0, 0, 1], [0, 0, 0, 0, 0, 0, 0, 0, 0, 0, 0, 0, 0, 0, 0, 0], [0, 0, 0, 0, 0, 0, 0, 0, 0, 0, 0, 0, 0, 0, 0, 0]]','[\"user1.Initial\", \"user1.ArriveFloorIN\", \"user1.waiting\", \"user1.elevator\", \"user1.elevator.Initial\", \"user1.elevator.callreceived\", \"user1.elevator.decision\", \"user1.elevator.decision.Initial\", \"user1.elevator.goingup\", \"user1.elevator.neutral\", \"user1.getin\", \"user1.elevator.goingdown\", \"user1.GoFloorOUT\", \"user1.ExitSystem\", \"user1.giveup\", \"user1.final\"]'),(2,'[[0, 1, 0, 0, 0, 0, 0, 0, 0, 0, 0, 0, 0, 0, 0, 0], [0, 0, 1, 1, 1, 0, 0, 0, 0, 0, 0, 0, 0, 0, 0, 0], [0, 0, 0, 0, 0, 0, 0, 0, 0, 0, 0, 0, 0, 0, 0, 0], [0, 0, 0, 0, 0, 0, 0, 0, 0, 0, 0, 0, 0, 0, 0, 0], [0, 0, 0, 0, 0, 1, 0, 0, 0, 0, 0, 0, 0, 0, 0, 0], [0, 0, 0, 0, 0, 0, 1, 1, 0, 0, 0, 0, 0, 0, 0, 0], [0, 0, 0, 0, 0, 0, 0, 0, 0, 0, 0, 0, 0, 0, 0, 0], [0, 0, 0, 0, 0, 0, 0, 0, 1, 0, 0, 0, 0, 0, 0, 0], [0, 0, 0, 0, 0, 0, 0, 0, 1, 1, 0, 0, 0, 0, 0, 0], [0, 0, 0, 0, 0, 0, 0, 0, 0, 4, 1, 0, 0, 0, 0, 0], [0, 0, 0, 0, 0, 0, 0, 0, 0, 0, 1, 1, 0, 0, 0, 0], [0, 0, 0, 0, 0, 0, 0, 0, 0, 1, 0, 3, 0, 0, 0, 0], [0, 0, 0, 0, 0, 0, 0, 0, 0, 0, 0, 0, 0, 0, 0, 0], [0, 0, 0, 0, 0, 0, 0, 0, 0, 0, 0, 0, 0, 0, 0, 0], [0, 0, 0, 0, 0, 0, 0, 0, 0, 0, 0, 0, 0, 0, 0, 0], [0, 0, 0, 0, 0, 0, 0, 0, 0, 0, 0, 0, 0, 0, 0, 0]]','[\"user1.Initial\", \"user1.ArriveFloorIN\", \"user1.waiting\", \"user1.elevator\", \"user1.elevator.Initial\", \"user1.elevator.callreceived\", \"user1.elevator.decision\", \"user1.elevator.decision.Initial\", \"user1.elevator.goingup\", \"user1.elevator.neutral\", \"user1.getin\", \"user1.elevator.goingdown\", \"user1.GoFloorOUT\", \"user1.ExitSystem\", \"user1.giveup\", \"user1.final\"]'),(3,'[[0, 1, 0, 0, 0, 0, 0, 0, 0, 0, 0, 0, 0, 0, 0, 0], [0, 0, 1, 1, 1, 0, 0, 0, 0, 0, 0, 0, 0, 0, 0, 0], [0, 0, 0, 0, 0, 0, 0, 0, 0, 0, 0, 0, 0, 0, 1, 0], [0, 0, 0, 0, 0, 0, 0, 0, 0, 0, 0, 0, 0, 0, 0, 0], [0, 0, 0, 0, 0, 1, 0, 0, 0, 0, 0, 0, 0, 0, 0, 0], [0, 0, 0, 0, 0, 0, 1, 1, 0, 0, 0, 0, 0, 0, 0, 0], [0, 0, 0, 0, 0, 0, 0, 0, 0, 0, 0, 0, 0, 0, 0, 0], [0, 0, 0, 0, 0, 0, 0, 0, 1, 0, 0, 0, 0, 0, 0, 0], [0, 0, 0, 0, 0, 0, 0, 0, 1, 0, 0, 0, 0, 0, 0, 0], [0, 0, 0, 0, 0, 0, 0, 0, 0, 0, 0, 0, 0, 0, 0, 0], [0, 0, 0, 0, 0, 0, 0, 0, 0, 0, 0, 0, 0, 0, 0, 0], [0, 0, 0, 0, 0, 0, 0, 0, 0, 0, 0, 0, 0, 0, 0, 0], [0, 0, 0, 0, 0, 0, 0, 0, 0, 0, 0, 0, 0, 0, 0, 0], [0, 0, 0, 0, 0, 0, 0, 0, 0, 0, 0, 0, 0, 0, 0, 0], [0, 0, 0, 0, 0, 0, 0, 0, 0, 0, 0, 0, 0, 0, 0, 0], [0, 0, 0, 0, 0, 0, 0, 0, 0, 0, 0, 0, 0, 0, 0, 0]]','[\"user1.Initial\", \"user1.ArriveFloorIN\", \"user1.waiting\", \"user1.elevator\", \"user1.elevator.Initial\", \"user1.elevator.callreceived\", \"user1.elevator.decision\", \"user1.elevator.decision.Initial\", \"user1.elevator.goingup\", \"user1.elevator.neutral\", \"user1.getin\", \"user1.elevator.goingdown\", \"user1.GoFloorOUT\", \"user1.ExitSystem\", \"user1.giveup\", \"user1.final\"]'),(4,'[[0, 1, 0, 0, 0, 0, 0, 0, 0, 0, 0, 0, 0, 0, 0, 0], [0, 0, 1, 1, 1, 0, 0, 0, 0, 0, 0, 0, 0, 0, 0, 0], [0, 0, 0, 0, 0, 0, 0, 0, 0, 0, 0, 0, 0, 0, 0, 0], [0, 0, 0, 0, 0, 0, 0, 0, 0, 0, 0, 0, 0, 0, 0, 0], [0, 0, 0, 0, 0, 1, 0, 0, 0, 0, 0, 0, 0, 0, 0, 0], [0, 0, 0, 0, 0, 0, 1, 1, 0, 0, 0, 0, 0, 0, 0, 0], [0, 0, 0, 0, 0, 0, 0, 0, 0, 0, 0, 0, 0, 0, 0, 0], [0, 0, 0, 0, 0, 0, 0, 0, 1, 0, 0, 0, 0, 0, 0, 0], [0, 0, 0, 0, 0, 0, 0, 0, 1, 1, 0, 0, 0, 0, 0, 0], [0, 0, 0, 0, 0, 0, 0, 0, 0, 4, 1, 0, 1, 0, 0, 0], [0, 0, 0, 0, 0, 0, 0, 0, 0, 0, 1, 1, 0, 0, 0, 0], [0, 0, 0, 0, 0, 0, 0, 0, 0, 1, 0, 3, 0, 0, 0, 0], [0, 0, 0, 0, 0, 0, 0, 0, 0, 0, 0, 0, 0, 1, 0, 0], [0, 0, 0, 0, 0, 0, 0, 0, 0, 0, 0, 0, 0, 0, 0, 1], [0, 0, 0, 0, 0, 0, 0, 0, 0, 0, 0, 0, 0, 0, 0, 0], [0, 0, 0, 0, 0, 0, 0, 0, 0, 0, 0, 0, 0, 0, 0, 0]]','[\"user1.Initial\", \"user1.ArriveFloorIN\", \"user1.waiting\", \"user1.elevator\", \"user1.elevator.Initial\", \"user1.elevator.callreceived\", \"user1.elevator.decision\", \"user1.elevator.decision.Initial\", \"user1.elevator.goingup\", \"user1.elevator.neutral\", \"user1.getin\", \"user1.elevator.goingdown\", \"user1.GoFloorOUT\", \"user1.ExitSystem\", \"user1.giveup\", \"user1.final\"]'),(5,'[[0, 1, 0, 0, 0, 0, 0, 0, 0, 0, 0, 0, 0, 0, 0, 0], [0, 0, 1, 1, 1, 0, 0, 0, 0, 0, 0, 0, 0, 0, 0, 0], [0, 0, 0, 0, 0, 0, 0, 0, 0, 0, 0, 0, 0, 0, 0, 0], [0, 0, 0, 0, 0, 0, 0, 0, 0, 0, 0, 0, 0, 0, 0, 0], [0, 0, 0, 0, 0, 1, 0, 0, 0, 0, 0, 0, 0, 0, 0, 0], [0, 0, 0, 0, 0, 0, 1, 1, 0, 0, 0, 0, 0, 0, 0, 0], [0, 0, 0, 0, 0, 0, 0, 0, 0, 0, 0, 0, 0, 0, 0, 0], [0, 0, 0, 0, 0, 0, 0, 0, 1, 0, 0, 0, 0, 0, 0, 0], [0, 0, 0, 0, 0, 0, 0, 0, 1, 1, 0, 0, 0, 0, 0, 0], [0, 0, 0, 0, 0, 0, 0, 0, 0, 2, 1, 0, 0, 0, 0, 0], [0, 0, 0, 0, 0, 0, 0, 0, 0, 0, 0, 0, 0, 0, 0, 0], [0, 0, 0, 0, 0, 0, 0, 0, 0, 0, 0, 0, 0, 0, 0, 0], [0, 0, 0, 0, 0, 0, 0, 0, 0, 0, 0, 0, 0, 0, 0, 0], [0, 0, 0, 0, 0, 0, 0, 0, 0, 0, 0, 0, 0, 0, 0, 0], [0, 0, 0, 0, 0, 0, 0, 0, 0, 0, 0, 0, 0, 0, 0, 0], [0, 0, 0, 0, 0, 0, 0, 0, 0, 0, 0, 0, 0, 0, 0, 0]]','[\"user1.Initial\", \"user1.ArriveFloorIN\", \"user1.waiting\", \"user1.elevator\", \"user1.elevator.Initial\", \"user1.elevator.callreceived\", \"user1.elevator.decision\", \"user1.elevator.decision.Initial\", \"user1.elevator.goingup\", \"user1.elevator.neutral\", \"user1.getin\", \"user1.elevator.goingdown\", \"user1.GoFloorOUT\", \"user1.ExitSystem\", \"user1.giveup\", \"user1.final\"]'),(6,'[[0, 1, 0, 0, 0, 0, 0, 0, 0, 0, 0, 0, 0, 0, 0, 0], [0, 0, 1, 1, 1, 0, 0, 0, 0, 0, 0, 0, 0, 0, 0, 0], [0, 0, 0, 0, 0, 0, 0, 0, 0, 0, 0, 0, 0, 0, 0, 0], [0, 0, 0, 0, 0, 0, 0, 0, 0, 0, 0, 0, 0, 0, 0, 0], [0, 0, 0, 0, 0, 1, 0, 0, 0, 0, 0, 0, 0, 0, 0, 0], [0, 0, 0, 0, 0, 0, 1, 1, 0, 0, 0, 0, 0, 0, 0, 0], [0, 0, 0, 0, 0, 0, 0, 0, 0, 0, 0, 0, 0, 0, 0, 0], [0, 0, 0, 0, 0, 0, 0, 0, 1, 0, 0, 0, 0, 0, 0, 0], [0, 0, 0, 0, 0, 0, 0, 0, 1, 1, 0, 0, 0, 0, 0, 0], [0, 0, 0, 0, 0, 0, 0, 0, 0, 2, 1, 0, 0, 0, 0, 0], [0, 0, 0, 0, 0, 0, 0, 0, 0, 0, 0, 0, 0, 0, 0, 0], [0, 0, 0, 0, 0, 0, 0, 0, 0, 0, 0, 0, 0, 0, 0, 0], [0, 0, 0, 0, 0, 0, 0, 0, 0, 0, 0, 0, 0, 0, 0, 0], [0, 0, 0, 0, 0, 0, 0, 0, 0, 0, 0, 0, 0, 0, 0, 0], [0, 0, 0, 0, 0, 0, 0, 0, 0, 0, 0, 0, 0, 0, 0, 0], [0, 0, 0, 0, 0, 0, 0, 0, 0, 0, 0, 0, 0, 0, 0, 0]]','[\"user1.Initial\", \"user1.ArriveFloorIN\", \"user1.waiting\", \"user1.elevator\", \"user1.elevator.Initial\", \"user1.elevator.callreceived\", \"user1.elevator.decision\", \"user1.elevator.decision.Initial\", \"user1.elevator.goingup\", \"user1.elevator.neutral\", \"user1.getin\", \"user1.elevator.goingdown\", \"user1.GoFloorOUT\", \"user1.ExitSystem\", \"user1.giveup\", \"user1.final\"]'),(7,'[[0, 1, 0, 0, 0, 0, 0, 0, 0, 0, 0, 0, 0, 0, 0, 0], [0, 0, 1, 1, 1, 0, 0, 0, 0, 0, 0, 0, 0, 0, 0, 0], [0, 0, 0, 0, 0, 0, 0, 0, 0, 0, 0, 0, 0, 0, 0, 0], [0, 0, 0, 0, 0, 0, 0, 0, 0, 0, 0, 0, 0, 0, 0, 0], [0, 0, 0, 0, 0, 1, 0, 0, 0, 0, 0, 0, 0, 0, 0, 0], [0, 0, 0, 0, 0, 0, 1, 1, 0, 0, 0, 0, 0, 0, 0, 0], [0, 0, 0, 0, 0, 0, 0, 0, 0, 0, 0, 0, 0, 0, 0, 0], [0, 0, 0, 0, 0, 0, 0, 0, 1, 0, 0, 0, 0, 0, 0, 0], [0, 0, 0, 0, 0, 0, 0, 0, 1, 1, 0, 0, 0, 0, 0, 0], [0, 0, 0, 0, 0, 0, 0, 0, 0, 2, 1, 0, 0, 0, 0, 0], [0, 0, 0, 0, 0, 0, 0, 0, 0, 0, 0, 0, 0, 0, 0, 0], [0, 0, 0, 0, 0, 0, 0, 0, 0, 0, 0, 0, 0, 0, 0, 0], [0, 0, 0, 0, 0, 0, 0, 0, 0, 0, 0, 0, 0, 1, 0, 0], [0, 0, 0, 0, 0, 0, 0, 0, 0, 0, 0, 0, 0, 0, 0, 1], [0, 0, 0, 0, 0, 0, 0, 0, 0, 0, 0, 0, 0, 0, 0, 0], [0, 0, 0, 0, 0, 0, 0, 0, 0, 0, 0, 0, 0, 0, 0, 0]]','[\"user1.Initial\", \"user1.ArriveFloorIN\", \"user1.waiting\", \"user1.elevator\", \"user1.elevator.Initial\", \"user1.elevator.callreceived\", \"user1.elevator.decision\", \"user1.elevator.decision.Initial\", \"user1.elevator.goingup\", \"user1.elevator.neutral\", \"user1.getin\", \"user1.elevator.goingdown\", \"user1.GoFloorOUT\", \"user1.ExitSystem\", \"user1.giveup\", \"user1.final\"]'),(8,'[[0, 1, 0, 0, 0, 0, 0, 0, 0, 0, 0, 0, 0, 0, 0, 0], [0, 0, 1, 1, 1, 0, 0, 0, 0, 0, 0, 0, 0, 0, 0, 0], [0, 0, 0, 0, 0, 0, 0, 0, 0, 0, 0, 0, 0, 0, 0, 0], [0, 0, 0, 0, 0, 0, 0, 0, 0, 0, 0, 0, 0, 0, 0, 0], [0, 0, 0, 0, 0, 1, 0, 0, 0, 0, 0, 0, 0, 0, 0, 0], [0, 0, 0, 0, 0, 0, 1, 1, 0, 0, 0, 0, 0, 0, 0, 0], [0, 0, 0, 0, 0, 0, 0, 0, 0, 0, 0, 0, 0, 0, 0, 0], [0, 0, 0, 0, 0, 0, 0, 0, 1, 0, 0, 0, 0, 0, 0, 0], [0, 0, 0, 0, 0, 0, 0, 0, 1, 1, 0, 0, 0, 0, 0, 0], [0, 0, 0, 0, 0, 0, 0, 0, 0, 2, 0, 0, 1, 0, 0, 0], [0, 0, 0, 0, 0, 0, 0, 0, 0, 0, 0, 0, 0, 0, 0, 0], [0, 0, 0, 0, 0, 0, 0, 0, 0, 0, 0, 0, 0, 0, 0, 0], [0, 0, 0, 0, 0, 0, 0, 0, 0, 0, 0, 0, 0, 1, 0, 0], [0, 0, 0, 0, 0, 0, 0, 0, 0, 0, 0, 0, 0, 0, 0, 1], [0, 0, 0, 0, 0, 0, 0, 0, 0, 0, 0, 0, 0, 0, 0, 0], [0, 0, 0, 0, 0, 0, 0, 0, 0, 0, 0, 0, 0, 0, 0, 0]]','[\"user1.Initial\", \"user1.ArriveFloorIN\", \"user1.waiting\", \"user1.elevator\", \"user1.elevator.Initial\", \"user1.elevator.callreceived\", \"user1.elevator.decision\", \"user1.elevator.decision.Initial\", \"user1.elevator.goingup\", \"user1.elevator.neutral\", \"user1.getin\", \"user1.elevator.goingdown\", \"user1.GoFloorOUT\", \"user1.ExitSystem\", \"user1.giveup\", \"user1.final\"]'),(9,'[[0, 1, 1, 0, 0, 0, 0, 0], [0, 0, 0, 0, 0, 0, 0, 1], [0, 0, 0, 1, 0, 0, 0, 0], [0, 0, 0, 0, 1, 0, 0, 0], [0, 0, 0, 0, 0, 1, 0, 0], [0, 0, 0, 0, 0, 0, 0, 1], [0, 0, 0, 0, 0, 0, 0, 0], [0, 0, 0, 0, 0, 0, 0, 0]]','[\"calculator.Initial\", \"calculator.on\", \"calculator.on.Initial\", \"calculator.on.operand1\", \"calculator.on.opEntered\", \"calculator.on.operand2\", \"calculator.on.result\", \"calculator.Final\"]'),(10,'[[0, 1, 1, 0, 0, 0, 0, 0], [0, 0, 0, 0, 0, 0, 0, 0], [0, 0, 0, 0, 0, 0, 0, 0], [0, 0, 0, 0, 0, 0, 0, 0], [0, 0, 0, 0, 0, 0, 0, 0], [0, 0, 0, 0, 0, 0, 0, 0], [0, 0, 0, 0, 0, 0, 0, 0], [0, 0, 0, 0, 0, 0, 0, 0]]','[\"calculator.Initial\", \"calculator.on\", \"calculator.on.Initial\", \"calculator.on.operand1\", \"calculator.on.opEntered\", \"calculator.on.operand2\", \"calculator.on.result\", \"calculator.Final\"]'),(11,'[[0, 1, 1, 0, 0, 0, 0, 0], [0, 0, 0, 0, 0, 0, 0, 1], [0, 0, 0, 1, 0, 0, 0, 0], [0, 0, 0, 0, 1, 0, 0, 0], [0, 0, 0, 0, 0, 1, 0, 0], [0, 0, 0, 0, 0, 0, 0, 1], [0, 0, 0, 0, 0, 0, 0, 0], [0, 0, 0, 0, 0, 0, 0, 0]]','[\"calculator.Initial\", \"calculator.on\", \"calculator.on.Initial\", \"calculator.on.operand1\", \"calculator.on.opEntered\", \"calculator.on.operand2\", \"calculator.on.result\", \"calculator.Final\"]'),(12,'[[0, 1, 1, 0, 0, 0, 0, 0], [0, 0, 0, 0, 0, 1, 0, 0], [0, 0, 0, 0, 0, 0, 0, 0], [0, 0, 0, 0, 0, 0, 0, 0], [0, 0, 0, 0, 0, 0, 0, 0], [0, 0, 0, 0, 0, 1, 0, 0], [0, 0, 0, 0, 0, 0, 0, 0], [0, 0, 0, 0, 0, 0, 0, 0]]','[\"calculator.Initial\", \"calculator.on\", \"calculator.on.Initial\", \"calculator.on.operand1\", \"calculator.on.opEntered\", \"calculator.on.operand2\", \"calculator.on.result\", \"calculator.Final\"]'),(13,'[[0, 1, 1, 0, 0, 0, 0, 0], [0, 0, 0, 0, 0, 0, 0, 0], [0, 0, 0, 1, 0, 0, 0, 0], [0, 0, 0, 0, 1, 0, 0, 0], [0, 0, 0, 0, 0, 1, 0, 0], [0, 0, 0, 0, 0, 0, 0, 0], [0, 0, 0, 0, 0, 0, 0, 0], [0, 0, 0, 0, 0, 0, 0, 0]]','[\"calculator.Initial\", \"calculator.on\", \"calculator.on.Initial\", \"calculator.on.operand1\", \"calculator.on.opEntered\", \"calculator.on.operand2\", \"calculator.on.result\", \"calculator.Final\"]'),(14,'[[0, 1, 1, 0, 0, 0, 0, 0], [0, 0, 0, 0, 0, 0, 0, 1], [0, 0, 0, 1, 0, 0, 0, 0], [0, 0, 0, 0, 0, 0, 0, 1], [0, 0, 0, 0, 0, 0, 0, 0], [0, 0, 0, 0, 0, 0, 0, 0], [0, 0, 0, 0, 0, 0, 0, 0], [0, 0, 0, 0, 0, 0, 0, 0]]','[\"calculator.Initial\", \"calculator.on\", \"calculator.on.Initial\", \"calculator.on.operand1\", \"calculator.on.opEntered\", \"calculator.on.operand2\", \"calculator.on.result\", \"calculator.Final\"]'),(15,'[[0, 1, 1, 0, 0, 0, 0, 0], [0, 0, 0, 0, 0, 0, 0, 1], [0, 0, 0, 0, 0, 0, 0, 0], [0, 0, 0, 0, 0, 0, 0, 0], [0, 0, 0, 0, 0, 0, 0, 0], [0, 0, 0, 0, 0, 0, 0, 1], [0, 0, 0, 0, 0, 0, 0, 0], [0, 0, 0, 0, 0, 0, 0, 0]]','[\"calculator.Initial\", \"calculator.on\", \"calculator.on.Initial\", \"calculator.on.operand1\", \"calculator.on.opEntered\", \"calculator.on.operand2\", \"calculator.on.result\", \"calculator.Final\"]'),(16,'[[0, 1, 1, 0, 0, 0, 0, 0], [0, 0, 0, 0, 0, 0, 0, 1], [0, 0, 0, 1, 0, 0, 0, 0], [0, 0, 0, 0, 1, 0, 0, 0], [0, 0, 0, 0, 0, 0, 0, 0], [0, 0, 0, 0, 0, 0, 0, 1], [0, 0, 0, 0, 0, 0, 0, 0], [0, 0, 0, 0, 0, 0, 0, 0]]','[\"calculator.Initial\", \"calculator.on\", \"calculator.on.Initial\", \"calculator.on.operand1\", \"calculator.on.opEntered\", \"calculator.on.operand2\", \"calculator.on.result\", \"calculator.Final\"]'),(17,'[[0, 1, 1, 0, 0, 0, 0, 0], [0, 0, 0, 0, 0, 0, 0, 1], [0, 0, 0, 1, 0, 0, 0, 0], [0, 0, 0, 0, 1, 0, 0, 0], [0, 0, 0, 0, 0, 1, 0, 0], [0, 0, 0, 0, 0, 0, 0, 1], [0, 0, 0, 0, 0, 0, 0, 0], [0, 0, 0, 0, 0, 0, 0, 0]]','[\"calculator.Initial\", \"calculator.on\", \"calculator.on.Initial\", \"calculator.on.operand1\", \"calculator.on.opEntered\", \"calculator.on.operand2\", \"calculator.on.result\", \"calculator.Final\"]'),(18,'[[0, 1, 1, 0, 0, 0, 0, 0], [0, 0, 0, 0, 0, 0, 0, 1], [0, 0, 0, 1, 0, 0, 0, 0], [0, 0, 0, 0, 1, 0, 0, 0], [0, 0, 0, 0, 0, 1, 0, 0], [0, 0, 0, 0, 0, 0, 0, 1], [0, 0, 0, 0, 0, 0, 0, 0], [0, 0, 0, 0, 0, 0, 0, 0]]','[\"calculator.Initial\", \"calculator.on\", \"calculator.on.Initial\", \"calculator.on.operand1\", \"calculator.on.opEntered\", \"calculator.on.operand2\", \"calculator.on.result\", \"calculator.Final\"]'),(19,'[[0, 1, 0, 0, 0, 0, 0, 0, 0, 0, 0, 0, 0, 0, 0, 0], [0, 0, 1, 1, 1, 0, 0, 0, 0, 0, 0, 0, 0, 0, 0, 0], [0, 0, 0, 0, 0, 0, 0, 0, 0, 0, 0, 0, 0, 0, 0, 0], [0, 0, 0, 0, 0, 0, 0, 0, 0, 0, 0, 0, 0, 0, 0, 0], [0, 0, 0, 0, 0, 1, 0, 0, 0, 0, 0, 0, 0, 0, 0, 0], [0, 0, 0, 0, 0, 0, 1, 1, 0, 0, 0, 0, 0, 0, 0, 0], [0, 0, 0, 0, 0, 0, 0, 0, 0, 0, 0, 0, 0, 0, 0, 0], [0, 0, 0, 0, 0, 0, 0, 0, 0, 0, 0, 0, 0, 0, 0, 0], [0, 0, 0, 0, 0, 0, 0, 0, 0, 0, 0, 0, 0, 0, 0, 0], [0, 0, 0, 0, 0, 0, 0, 0, 0, 0, 0, 0, 0, 0, 0, 0], [0, 0, 0, 0, 0, 0, 0, 0, 0, 0, 0, 0, 0, 0, 0, 0], [0, 0, 0, 0, 0, 0, 0, 0, 0, 0, 0, 0, 0, 0, 0, 0], [0, 0, 0, 0, 0, 0, 0, 0, 0, 0, 0, 0, 0, 1, 0, 0], [0, 0, 0, 0, 0, 0, 0, 0, 0, 0, 0, 0, 0, 0, 0, 1], [0, 0, 0, 0, 0, 0, 0, 0, 0, 0, 0, 0, 0, 0, 0, 0], [0, 0, 0, 0, 0, 0, 0, 0, 0, 0, 0, 0, 0, 0, 0, 0]]','[\"user1.Initial\", \"user1.ArriveFloorIN\", \"user1.waiting\", \"user1.elevator\", \"user1.elevator.Initial\", \"user1.elevator.callreceived\", \"user1.elevator.decision\", \"user1.elevator.decision.Initial\", \"user1.elevator.goingup\", \"user1.elevator.neutral\", \"user1.getin\", \"user1.elevator.goingdown\", \"user1.GoFloorOUT\", \"user1.ExitSystem\", \"user1.giveup\", \"user1.final\"]'),(20,'[[0, 1, 0, 0, 0, 0, 0, 0, 0, 0, 0, 0, 0, 0, 0, 0], [0, 0, 1, 1, 1, 0, 0, 0, 0, 0, 0, 0, 0, 0, 0, 0], [0, 0, 0, 0, 0, 0, 0, 0, 0, 0, 0, 0, 0, 0, 0, 0], [0, 0, 0, 0, 0, 0, 0, 0, 0, 0, 0, 0, 0, 0, 0, 0], [0, 0, 0, 0, 0, 1, 0, 0, 0, 0, 0, 0, 0, 0, 0, 0], [0, 0, 0, 0, 0, 0, 0, 0, 0, 0, 0, 0, 0, 0, 0, 0], [0, 0, 0, 0, 0, 0, 0, 0, 0, 0, 0, 0, 0, 0, 0, 0], [0, 0, 0, 0, 0, 0, 0, 0, 0, 0, 0, 0, 0, 0, 0, 0], [0, 0, 0, 0, 0, 0, 0, 0, 0, 0, 0, 0, 0, 0, 0, 0], [0, 0, 0, 0, 0, 0, 0, 0, 0, 0, 0, 0, 0, 0, 0, 0], [0, 0, 0, 0, 0, 0, 0, 0, 0, 0, 0, 0, 0, 0, 0, 0], [0, 0, 0, 0, 0, 0, 0, 0, 0, 0, 0, 0, 0, 0, 0, 0], [0, 0, 0, 0, 0, 0, 0, 0, 0, 0, 0, 0, 0, 0, 0, 0], [0, 0, 0, 0, 0, 0, 0, 0, 0, 0, 0, 0, 0, 0, 0, 0], [0, 0, 0, 0, 0, 0, 0, 0, 0, 0, 0, 0, 0, 0, 0, 0], [0, 0, 0, 0, 0, 0, 0, 0, 0, 0, 0, 0, 0, 0, 0, 0]]','[\"user1.Initial\", \"user1.ArriveFloorIN\", \"user1.waiting\", \"user1.elevator\", \"user1.elevator.Initial\", \"user1.elevator.callreceived\", \"user1.elevator.decision\", \"user1.elevator.decision.Initial\", \"user1.elevator.goingup\", \"user1.elevator.neutral\", \"user1.getin\", \"user1.elevator.goingdown\", \"user1.GoFloorOUT\", \"user1.ExitSystem\", \"user1.giveup\", \"user1.final\"]'),(21,'[[0, 1, 0, 0, 0, 0, 0, 0, 0, 0, 0, 0, 0, 0, 0, 0], [0, 0, 1, 1, 1, 0, 0, 0, 0, 0, 0, 0, 0, 0, 0, 0], [0, 0, 0, 0, 0, 0, 0, 0, 0, 0, 0, 0, 0, 0, 0, 0], [0, 0, 0, 0, 0, 0, 0, 0, 0, 0, 0, 0, 0, 0, 0, 0], [0, 0, 0, 0, 0, 1, 0, 0, 0, 0, 0, 0, 0, 0, 0, 0], [0, 0, 0, 0, 0, 0, 1, 1, 0, 0, 0, 0, 0, 0, 0, 0], [0, 0, 0, 0, 0, 0, 0, 0, 0, 0, 0, 0, 0, 0, 0, 0], [0, 0, 0, 0, 0, 0, 0, 0, 1, 0, 0, 0, 0, 0, 0, 0], [0, 0, 0, 0, 0, 0, 0, 0, 0, 0, 0, 0, 0, 0, 0, 0], [0, 0, 0, 0, 0, 0, 0, 0, 0, 3, 1, 0, 1, 0, 0, 0], [0, 0, 0, 0, 0, 0, 0, 0, 0, 0, 1, 1, 0, 0, 0, 0], [0, 0, 0, 0, 0, 0, 0, 0, 0, 1, 0, 3, 0, 0, 0, 0], [0, 0, 0, 0, 0, 0, 0, 0, 0, 0, 0, 0, 0, 1, 0, 0], [0, 0, 0, 0, 0, 0, 0, 0, 0, 0, 0, 0, 0, 0, 0, 1], [0, 0, 0, 0, 0, 0, 0, 0, 0, 0, 0, 0, 0, 0, 0, 0], [0, 0, 0, 0, 0, 0, 0, 0, 0, 0, 0, 0, 0, 0, 0, 0]]','[\"user1.Initial\", \"user1.ArriveFloorIN\", \"user1.waiting\", \"user1.elevator\", \"user1.elevator.Initial\", \"user1.elevator.callreceived\", \"user1.elevator.decision\", \"user1.elevator.decision.Initial\", \"user1.elevator.goingup\", \"user1.elevator.neutral\", \"user1.getin\", \"user1.elevator.goingdown\", \"user1.GoFloorOUT\", \"user1.ExitSystem\", \"user1.giveup\", \"user1.final\"]'),(22,'[[0, 1, 0, 0, 0, 0, 0, 0, 0, 0, 0, 0, 0, 0, 0, 0], [0, 0, 1, 1, 1, 0, 0, 0, 0, 0, 0, 0, 0, 0, 0, 0], [0, 0, 0, 0, 0, 0, 0, 0, 0, 0, 0, 0, 0, 0, 0, 0], [0, 0, 0, 0, 0, 0, 0, 0, 0, 0, 0, 0, 0, 0, 0, 0], [0, 0, 0, 0, 0, 1, 0, 0, 0, 0, 0, 0, 0, 0, 0, 0], [0, 0, 0, 0, 0, 0, 1, 0, 0, 0, 0, 0, 0, 0, 0, 0], [0, 0, 0, 0, 0, 0, 0, 0, 0, 0, 0, 0, 0, 0, 0, 0], [0, 0, 0, 0, 0, 0, 0, 0, 0, 0, 0, 0, 0, 0, 0, 0], [0, 0, 0, 0, 0, 0, 0, 0, 0, 0, 0, 0, 0, 0, 0, 0], [0, 0, 0, 0, 0, 0, 0, 0, 0, 2, 0, 0, 1, 0, 0, 0], [0, 0, 0, 0, 0, 0, 0, 0, 0, 0, 0, 0, 0, 0, 0, 0], [0, 0, 0, 0, 0, 0, 0, 0, 0, 1, 0, 2, 0, 0, 0, 0], [0, 0, 0, 0, 0, 0, 0, 0, 0, 0, 0, 0, 0, 1, 0, 0], [0, 0, 0, 0, 0, 0, 0, 0, 0, 0, 0, 0, 0, 0, 0, 1], [0, 0, 0, 0, 0, 0, 0, 0, 0, 0, 0, 0, 0, 0, 0, 0], [0, 0, 0, 0, 0, 0, 0, 0, 0, 0, 0, 0, 0, 0, 0, 0]]','[\"user1.Initial\", \"user1.ArriveFloorIN\", \"user1.waiting\", \"user1.elevator\", \"user1.elevator.Initial\", \"user1.elevator.callreceived\", \"user1.elevator.decision\", \"user1.elevator.decision.Initial\", \"user1.elevator.goingup\", \"user1.elevator.neutral\", \"user1.getin\", \"user1.elevator.goingdown\", \"user1.GoFloorOUT\", \"user1.ExitSystem\", \"user1.giveup\", \"user1.final\"]'),(23,'[[0, 1, 0, 0, 0, 0, 0, 0, 0, 0, 0, 0, 0, 0, 0, 0], [0, 0, 1, 1, 1, 0, 0, 0, 0, 0, 0, 0, 0, 0, 0, 0], [0, 0, 0, 0, 0, 0, 0, 0, 0, 0, 0, 0, 0, 0, 0, 0], [0, 0, 0, 0, 0, 0, 0, 0, 0, 0, 0, 0, 0, 0, 0, 0], [0, 0, 0, 0, 0, 1, 0, 0, 0, 0, 0, 0, 0, 0, 0, 0], [0, 0, 0, 0, 0, 0, 1, 1, 0, 0, 0, 0, 0, 0, 0, 0], [0, 0, 0, 0, 0, 0, 0, 0, 0, 0, 0, 0, 0, 0, 0, 0], [0, 0, 0, 0, 0, 0, 0, 0, 1, 0, 0, 0, 0, 0, 0, 0], [0, 0, 0, 0, 0, 0, 0, 0, 1, 1, 0, 0, 0, 0, 0, 0], [0, 0, 0, 0, 0, 0, 0, 0, 0, 2, 1, 0, 0, 0, 0, 0], [0, 0, 0, 0, 0, 0, 0, 0, 0, 0, 1, 1, 0, 0, 0, 0], [0, 0, 0, 0, 0, 0, 0, 0, 0, 1, 0, 3, 0, 0, 0, 0], [0, 0, 0, 0, 0, 0, 0, 0, 0, 0, 0, 0, 0, 1, 0, 0], [0, 0, 0, 0, 0, 0, 0, 0, 0, 0, 0, 0, 0, 0, 0, 1], [0, 0, 0, 0, 0, 0, 0, 0, 0, 0, 0, 0, 0, 0, 0, 0], [0, 0, 0, 0, 0, 0, 0, 0, 0, 0, 0, 0, 0, 0, 0, 0]]','[\"user1.Initial\", \"user1.ArriveFloorIN\", \"user1.waiting\", \"user1.elevator\", \"user1.elevator.Initial\", \"user1.elevator.callreceived\", \"user1.elevator.decision\", \"user1.elevator.decision.Initial\", \"user1.elevator.goingup\", \"user1.elevator.neutral\", \"user1.getin\", \"user1.elevator.goingdown\", \"user1.GoFloorOUT\", \"user1.ExitSystem\", \"user1.giveup\", \"user1.final\"]'),(24,'[[0, 1, 0, 0, 0, 0, 0, 0, 0, 0, 0, 0, 0, 0, 0, 0], [0, 0, 1, 1, 1, 0, 0, 0, 0, 0, 0, 0, 0, 0, 0, 0], [0, 0, 0, 0, 0, 0, 0, 0, 0, 0, 0, 0, 0, 0, 0, 0], [0, 0, 0, 0, 0, 0, 0, 0, 0, 0, 0, 0, 0, 0, 0, 0], [0, 0, 0, 0, 0, 1, 0, 0, 0, 0, 0, 0, 0, 0, 0, 0], [0, 0, 0, 0, 0, 0, 0, 0, 0, 0, 0, 0, 0, 0, 0, 0], [0, 0, 0, 0, 0, 0, 0, 0, 0, 0, 0, 0, 0, 0, 0, 0], [0, 0, 0, 0, 0, 0, 0, 0, 0, 0, 0, 0, 0, 0, 0, 0], [0, 0, 0, 0, 0, 0, 0, 0, 0, 0, 0, 0, 0, 0, 0, 0], [0, 0, 0, 0, 0, 0, 0, 0, 0, 0, 0, 0, 0, 0, 0, 0], [0, 0, 0, 0, 0, 0, 0, 0, 0, 0, 0, 0, 0, 0, 0, 0], [0, 0, 0, 0, 0, 0, 0, 0, 0, 0, 0, 0, 0, 0, 0, 0], [0, 0, 0, 0, 0, 0, 0, 0, 0, 0, 0, 0, 0, 1, 0, 0], [0, 0, 0, 0, 0, 0, 0, 0, 0, 0, 0, 0, 0, 0, 0, 1], [0, 0, 0, 0, 0, 0, 0, 0, 0, 0, 0, 0, 0, 0, 0, 0], [0, 0, 0, 0, 0, 0, 0, 0, 0, 0, 0, 0, 0, 0, 0, 0]]','[\"user1.Initial\", \"user1.ArriveFloorIN\", \"user1.waiting\", \"user1.elevator\", \"user1.elevator.Initial\", \"user1.elevator.callreceived\", \"user1.elevator.decision\", \"user1.elevator.decision.Initial\", \"user1.elevator.goingup\", \"user1.elevator.neutral\", \"user1.getin\", \"user1.elevator.goingdown\", \"user1.GoFloorOUT\", \"user1.ExitSystem\", \"user1.giveup\", \"user1.final\"]'),(25,'[[0, 1, 0, 0, 0, 0, 0, 0, 0, 0, 0, 0, 0, 0, 0, 0], [0, 0, 1, 1, 1, 0, 0, 0, 0, 0, 0, 0, 0, 0, 0, 0], [0, 0, 0, 0, 0, 0, 0, 0, 0, 0, 0, 0, 0, 0, 0, 0], [0, 0, 0, 0, 0, 0, 0, 0, 0, 0, 0, 0, 0, 0, 0, 0], [0, 0, 0, 0, 0, 1, 0, 0, 0, 0, 0, 0, 0, 0, 0, 0], [0, 0, 0, 0, 0, 0, 1, 1, 0, 0, 0, 0, 0, 0, 0, 0], [0, 0, 0, 0, 0, 0, 0, 0, 0, 0, 0, 0, 0, 0, 0, 0], [0, 0, 0, 0, 0, 0, 0, 0, 1, 0, 0, 0, 0, 0, 0, 0], [0, 0, 0, 0, 0, 0, 0, 0, 0, 0, 0, 0, 0, 0, 0, 0], [0, 0, 0, 0, 0, 0, 0, 0, 0, 2, 0, 0, 1, 0, 0, 0], [0, 0, 0, 0, 0, 0, 0, 0, 0, 0, 0, 0, 0, 0, 0, 0], [0, 0, 0, 0, 0, 0, 0, 0, 0, 1, 0, 3, 0, 0, 0, 0], [0, 0, 0, 0, 0, 0, 0, 0, 0, 0, 0, 0, 0, 1, 0, 0], [0, 0, 0, 0, 0, 0, 0, 0, 0, 0, 0, 0, 0, 0, 0, 1], [0, 0, 0, 0, 0, 0, 0, 0, 0, 0, 0, 0, 0, 0, 0, 0], [0, 0, 0, 0, 0, 0, 0, 0, 0, 0, 0, 0, 0, 0, 0, 0]]','[\"user1.Initial\", \"user1.ArriveFloorIN\", \"user1.waiting\", \"user1.elevator\", \"user1.elevator.Initial\", \"user1.elevator.callreceived\", \"user1.elevator.decision\", \"user1.elevator.decision.Initial\", \"user1.elevator.goingup\", \"user1.elevator.neutral\", \"user1.getin\", \"user1.elevator.goingdown\", \"user1.GoFloorOUT\", \"user1.ExitSystem\", \"user1.giveup\", \"user1.final\"]'),(26,'[[0, 1, 0, 0, 0, 0, 0, 0, 0, 0, 0, 0, 0, 0, 0, 0], [0, 0, 1, 1, 1, 0, 0, 0, 0, 0, 0, 0, 0, 0, 0, 0], [0, 0, 0, 0, 0, 0, 0, 0, 0, 0, 0, 0, 0, 0, 0, 0], [0, 0, 0, 0, 0, 0, 0, 0, 0, 0, 0, 0, 0, 0, 0, 0], [0, 0, 0, 0, 0, 1, 0, 0, 0, 0, 0, 0, 0, 0, 0, 0], [0, 0, 0, 0, 0, 0, 1, 1, 0, 0, 0, 0, 0, 0, 0, 0], [0, 0, 0, 0, 0, 0, 0, 0, 0, 0, 0, 0, 0, 0, 0, 0], [0, 0, 0, 0, 0, 0, 0, 0, 1, 0, 0, 0, 0, 0, 0, 0], [0, 0, 0, 0, 0, 0, 0, 0, 1, 1, 0, 0, 0, 0, 0, 0], [0, 0, 0, 0, 0, 0, 0, 0, 0, 2, 1, 0, 0, 0, 0, 0], [0, 0, 0, 0, 0, 0, 0, 0, 0, 0, 1, 1, 0, 0, 0, 0], [0, 0, 0, 0, 0, 0, 0, 0, 0, 0, 0, 3, 0, 0, 0, 0], [0, 0, 0, 0, 0, 0, 0, 0, 0, 0, 0, 0, 0, 1, 0, 0], [0, 0, 0, 0, 0, 0, 0, 0, 0, 0, 0, 0, 0, 0, 0, 1], [0, 0, 0, 0, 0, 0, 0, 0, 0, 0, 0, 0, 0, 0, 0, 0], [0, 0, 0, 0, 0, 0, 0, 0, 0, 0, 0, 0, 0, 0, 0, 0]]','[\"user1.Initial\", \"user1.ArriveFloorIN\", \"user1.waiting\", \"user1.elevator\", \"user1.elevator.Initial\", \"user1.elevator.callreceived\", \"user1.elevator.decision\", \"user1.elevator.decision.Initial\", \"user1.elevator.goingup\", \"user1.elevator.neutral\", \"user1.getin\", \"user1.elevator.goingdown\", \"user1.GoFloorOUT\", \"user1.ExitSystem\", \"user1.giveup\", \"user1.final\"]'),(27,'[[0, 1, 0, 0, 0, 0, 0, 0, 0, 0, 0, 0, 0, 0, 0, 0], [0, 0, 1, 1, 1, 0, 0, 0, 0, 0, 0, 0, 0, 0, 0, 0], [0, 0, 0, 0, 0, 0, 0, 0, 0, 0, 0, 0, 0, 0, 0, 0], [0, 0, 0, 0, 0, 0, 0, 0, 0, 0, 0, 0, 0, 0, 0, 0], [0, 0, 0, 0, 0, 1, 0, 0, 0, 0, 0, 0, 0, 0, 0, 0], [0, 0, 0, 0, 0, 0, 1, 1, 0, 0, 0, 0, 0, 0, 0, 0], [0, 0, 0, 0, 0, 0, 0, 0, 0, 0, 0, 0, 0, 0, 0, 0], [0, 0, 0, 0, 0, 0, 0, 0, 1, 0, 0, 0, 0, 0, 0, 0], [0, 0, 0, 0, 0, 0, 0, 0, 1, 1, 0, 0, 0, 0, 0, 0], [0, 0, 0, 0, 0, 0, 0, 0, 0, 2, 1, 0, 0, 0, 0, 0], [0, 0, 0, 0, 0, 0, 0, 0, 0, 0, 1, 1, 0, 0, 0, 0], [0, 0, 0, 0, 0, 0, 0, 0, 0, 0, 0, 2, 0, 0, 0, 0], [0, 0, 0, 0, 0, 0, 0, 0, 0, 0, 0, 0, 0, 1, 0, 0], [0, 0, 0, 0, 0, 0, 0, 0, 0, 0, 0, 0, 0, 0, 0, 1], [0, 0, 0, 0, 0, 0, 0, 0, 0, 0, 0, 0, 0, 0, 0, 0], [0, 0, 0, 0, 0, 0, 0, 0, 0, 0, 0, 0, 0, 0, 0, 0]]','[\"user1.Initial\", \"user1.ArriveFloorIN\", \"user1.waiting\", \"user1.elevator\", \"user1.elevator.Initial\", \"user1.elevator.callreceived\", \"user1.elevator.decision\", \"user1.elevator.decision.Initial\", \"user1.elevator.goingup\", \"user1.elevator.neutral\", \"user1.getin\", \"user1.elevator.goingdown\", \"user1.GoFloorOUT\", \"user1.ExitSystem\", \"user1.giveup\", \"user1.final\"]'),(28,'[[0, 1, 0, 0, 0, 0, 0, 0, 0, 0, 0, 0, 0, 0, 0, 0], [0, 0, 1, 1, 1, 0, 0, 0, 0, 0, 0, 0, 0, 0, 0, 0], [0, 0, 0, 0, 0, 0, 0, 0, 0, 0, 0, 0, 0, 0, 0, 0], [0, 0, 0, 0, 0, 0, 0, 0, 0, 0, 0, 0, 0, 0, 0, 0], [0, 0, 0, 0, 0, 1, 0, 0, 0, 0, 0, 0, 0, 0, 0, 0], [0, 0, 0, 0, 0, 0, 1, 1, 0, 0, 0, 0, 0, 0, 0, 0], [0, 0, 0, 0, 0, 0, 0, 0, 0, 0, 0, 0, 0, 0, 0, 0], [0, 0, 0, 0, 0, 0, 0, 0, 1, 0, 0, 0, 0, 0, 0, 0], [0, 0, 0, 0, 0, 0, 0, 0, 1, 1, 0, 0, 0, 0, 0, 0], [0, 0, 0, 0, 0, 0, 0, 0, 0, 2, 1, 0, 0, 0, 0, 0], [0, 0, 0, 0, 0, 0, 0, 0, 0, 0, 1, 1, 0, 0, 0, 0], [0, 0, 0, 0, 0, 0, 0, 0, 0, 0, 0, 1, 0, 0, 0, 0], [0, 0, 0, 0, 0, 0, 0, 0, 0, 0, 0, 0, 0, 1, 0, 0], [0, 0, 0, 0, 0, 0, 0, 0, 0, 0, 0, 0, 0, 0, 0, 0], [0, 0, 0, 0, 0, 0, 0, 0, 0, 0, 0, 0, 0, 0, 0, 0], [0, 0, 0, 0, 0, 0, 0, 0, 0, 0, 0, 0, 0, 0, 0, 0]]','[\"user1.Initial\", \"user1.ArriveFloorIN\", \"user1.waiting\", \"user1.elevator\", \"user1.elevator.Initial\", \"user1.elevator.callreceived\", \"user1.elevator.decision\", \"user1.elevator.decision.Initial\", \"user1.elevator.goingup\", \"user1.elevator.neutral\", \"user1.getin\", \"user1.elevator.goingdown\", \"user1.GoFloorOUT\", \"user1.ExitSystem\", \"user1.giveup\", \"user1.final\"]'),(29,'[[0, 1, 0, 0, 0, 0, 0, 0, 0, 0, 0, 0, 0, 0, 0, 0], [0, 0, 1, 1, 1, 0, 0, 0, 0, 0, 0, 0, 0, 0, 0, 0], [0, 0, 0, 0, 0, 0, 0, 0, 0, 0, 0, 0, 0, 0, 0, 0], [0, 0, 0, 0, 0, 0, 0, 0, 0, 0, 0, 0, 0, 0, 0, 0], [0, 0, 0, 0, 0, 1, 0, 0, 0, 0, 0, 0, 0, 0, 0, 0], [0, 0, 0, 0, 0, 0, 1, 1, 0, 0, 0, 0, 0, 0, 0, 0], [0, 0, 0, 0, 0, 0, 0, 0, 0, 0, 0, 0, 0, 0, 0, 0], [0, 0, 0, 0, 0, 0, 0, 0, 1, 0, 0, 0, 0, 0, 0, 0], [0, 0, 0, 0, 0, 0, 0, 0, 1, 1, 0, 0, 0, 0, 0, 0], [0, 0, 0, 0, 0, 0, 0, 0, 0, 4, 1, 0, 1, 0, 0, 0], [0, 0, 0, 0, 0, 0, 0, 0, 0, 0, 1, 1, 0, 0, 0, 0], [0, 0, 0, 0, 0, 0, 0, 0, 0, 1, 0, 3, 0, 0, 0, 0], [0, 0, 0, 0, 0, 0, 0, 0, 0, 0, 0, 0, 0, 1, 0, 0], [0, 0, 0, 0, 0, 0, 0, 0, 0, 0, 0, 0, 0, 0, 0, 1], [0, 0, 0, 0, 0, 0, 0, 0, 0, 0, 0, 0, 0, 0, 0, 0], [0, 0, 0, 0, 0, 0, 0, 0, 0, 0, 0, 0, 0, 0, 0, 0]]','[\"user1.Initial\", \"user1.ArriveFloorIN\", \"user1.waiting\", \"user1.elevator\", \"user1.elevator.Initial\", \"user1.elevator.callreceived\", \"user1.elevator.decision\", \"user1.elevator.decision.Initial\", \"user1.elevator.goingup\", \"user1.elevator.neutral\", \"user1.getin\", \"user1.elevator.goingdown\", \"user1.GoFloorOUT\", \"user1.ExitSystem\", \"user1.giveup\", \"user1.final\"]'),(30,'[[0, 1, 0, 0, 0, 0, 0, 0, 0, 0, 0, 0, 0, 0, 0, 0], [0, 0, 1, 1, 1, 0, 0, 0, 0, 0, 0, 0, 0, 0, 0, 0], [0, 0, 0, 0, 0, 0, 0, 0, 0, 0, 0, 0, 0, 0, 0, 0], [0, 0, 0, 0, 0, 0, 0, 0, 0, 0, 0, 0, 0, 0, 0, 0], [0, 0, 0, 0, 0, 1, 0, 0, 0, 0, 0, 0, 0, 0, 0, 0], [0, 0, 0, 0, 0, 0, 0, 0, 0, 0, 0, 0, 0, 0, 0, 0], [0, 0, 0, 0, 0, 0, 0, 0, 0, 0, 0, 0, 0, 0, 0, 0], [0, 0, 0, 0, 0, 0, 0, 0, 0, 0, 0, 0, 0, 0, 0, 0], [0, 0, 0, 0, 0, 0, 0, 0, 0, 0, 0, 0, 0, 0, 0, 0], [0, 0, 0, 0, 0, 0, 0, 0, 0, 3, 1, 0, 1, 0, 0, 0], [0, 0, 0, 0, 0, 0, 0, 0, 0, 0, 1, 1, 0, 0, 0, 0], [0, 0, 0, 0, 0, 0, 0, 0, 0, 1, 0, 3, 0, 0, 0, 0], [0, 0, 0, 0, 0, 0, 0, 0, 0, 0, 0, 0, 0, 1, 0, 0], [0, 0, 0, 0, 0, 0, 0, 0, 0, 0, 0, 0, 0, 0, 0, 1], [0, 0, 0, 0, 0, 0, 0, 0, 0, 0, 0, 0, 0, 0, 0, 0], [0, 0, 0, 0, 0, 0, 0, 0, 0, 0, 0, 0, 0, 0, 0, 0]]','[\"user1.Initial\", \"user1.ArriveFloorIN\", \"user1.waiting\", \"user1.elevator\", \"user1.elevator.Initial\", \"user1.elevator.callreceived\", \"user1.elevator.decision\", \"user1.elevator.decision.Initial\", \"user1.elevator.goingup\", \"user1.elevator.neutral\", \"user1.getin\", \"user1.elevator.goingdown\", \"user1.GoFloorOUT\", \"user1.ExitSystem\", \"user1.giveup\", \"user1.final\"]'),(31,'[[0, 1, 0, 0, 0, 0, 0, 0, 0, 0, 0, 0, 0, 0, 0, 0], [0, 0, 1, 1, 1, 0, 0, 0, 0, 0, 0, 0, 0, 0, 0, 0], [0, 0, 0, 0, 0, 0, 0, 0, 0, 0, 0, 0, 0, 0, 0, 0], [0, 0, 0, 0, 0, 0, 0, 0, 0, 0, 0, 0, 0, 0, 0, 0], [0, 0, 0, 0, 0, 0, 0, 0, 0, 0, 0, 0, 0, 0, 0, 0], [0, 0, 0, 0, 0, 0, 1, 1, 0, 0, 0, 0, 0, 0, 0, 0], [0, 0, 0, 0, 0, 0, 0, 0, 0, 0, 0, 0, 0, 0, 0, 0], [0, 0, 0, 0, 0, 0, 0, 0, 1, 0, 0, 0, 0, 0, 0, 0], [0, 0, 0, 0, 0, 0, 0, 0, 1, 1, 0, 0, 0, 0, 0, 0], [0, 0, 0, 0, 0, 0, 0, 0, 0, 4, 1, 0, 1, 0, 0, 0], [0, 0, 0, 0, 0, 0, 0, 0, 0, 0, 1, 1, 0, 0, 0, 0], [0, 0, 0, 0, 0, 0, 0, 0, 0, 1, 0, 3, 0, 0, 0, 0], [0, 0, 0, 0, 0, 0, 0, 0, 0, 0, 0, 0, 0, 0, 0, 0], [0, 0, 0, 0, 0, 0, 0, 0, 0, 0, 0, 0, 0, 0, 0, 1], [0, 0, 0, 0, 0, 0, 0, 0, 0, 0, 0, 0, 0, 0, 0, 0], [0, 0, 0, 0, 0, 0, 0, 0, 0, 0, 0, 0, 0, 0, 0, 0]]','[\"user1.Initial\", \"user1.ArriveFloorIN\", \"user1.waiting\", \"user1.elevator\", \"user1.elevator.Initial\", \"user1.elevator.callreceived\", \"user1.elevator.decision\", \"user1.elevator.decision.Initial\", \"user1.elevator.goingup\", \"user1.elevator.neutral\", \"user1.getin\", \"user1.elevator.goingdown\", \"user1.GoFloorOUT\", \"user1.ExitSystem\", \"user1.giveup\", \"user1.final\"]'),(32,'[[0, 1, 0, 0, 0, 0, 0, 0, 0, 0, 0, 0, 0, 0, 0, 0], [0, 0, 1, 1, 1, 0, 0, 0, 0, 0, 0, 0, 0, 0, 0, 0], [0, 0, 0, 0, 0, 0, 0, 0, 0, 0, 0, 0, 0, 0, 0, 0], [0, 0, 0, 0, 0, 0, 0, 0, 0, 0, 0, 0, 0, 0, 0, 0], [0, 0, 0, 0, 0, 1, 0, 0, 0, 0, 0, 0, 0, 0, 0, 0], [0, 0, 0, 0, 0, 0, 1, 1, 0, 0, 0, 0, 0, 0, 0, 0], [0, 0, 0, 0, 0, 0, 0, 0, 0, 0, 0, 0, 0, 0, 0, 0], [0, 0, 0, 0, 0, 0, 0, 0, 1, 0, 0, 0, 0, 0, 0, 0], [0, 0, 0, 0, 0, 0, 0, 0, 1, 1, 0, 0, 0, 0, 0, 0], [0, 0, 0, 0, 0, 0, 0, 0, 0, 4, 1, 0, 1, 0, 0, 0], [0, 0, 0, 0, 0, 0, 0, 0, 0, 0, 1, 1, 0, 0, 0, 0], [0, 0, 0, 0, 0, 0, 0, 0, 0, 0, 0, 2, 0, 0, 0, 0], [0, 0, 0, 0, 0, 0, 0, 0, 0, 0, 0, 0, 0, 1, 0, 0], [0, 0, 0, 0, 0, 0, 0, 0, 0, 0, 0, 0, 0, 0, 0, 1], [0, 0, 0, 0, 0, 0, 0, 0, 0, 0, 0, 0, 0, 0, 0, 0], [0, 0, 0, 0, 0, 0, 0, 0, 0, 0, 0, 0, 0, 0, 0, 0]]','[\"user1.Initial\", \"user1.ArriveFloorIN\", \"user1.waiting\", \"user1.elevator\", \"user1.elevator.Initial\", \"user1.elevator.callreceived\", \"user1.elevator.decision\", \"user1.elevator.decision.Initial\", \"user1.elevator.goingup\", \"user1.elevator.neutral\", \"user1.getin\", \"user1.elevator.goingdown\", \"user1.GoFloorOUT\", \"user1.ExitSystem\", \"user1.giveup\", \"user1.final\"]'),(33,'[[0, 1, 0, 0, 0, 0, 0, 0, 0, 0, 0, 0, 0, 0, 0, 0], [0, 0, 1, 1, 1, 0, 0, 0, 0, 0, 0, 0, 0, 0, 0, 0], [0, 0, 0, 0, 0, 0, 0, 0, 0, 0, 0, 0, 0, 0, 0, 0], [0, 0, 0, 0, 0, 0, 0, 0, 0, 0, 0, 0, 0, 0, 0, 0], [0, 0, 0, 0, 0, 1, 0, 0, 0, 0, 0, 0, 0, 0, 0, 0], [0, 0, 0, 0, 0, 0, 1, 1, 0, 0, 0, 0, 0, 0, 0, 0], [0, 0, 0, 0, 0, 0, 0, 0, 0, 0, 0, 0, 0, 0, 0, 0], [0, 0, 0, 0, 0, 0, 0, 0, 1, 0, 0, 0, 0, 0, 0, 0], [0, 0, 0, 0, 0, 0, 0, 0, 1, 1, 0, 0, 0, 0, 0, 0], [0, 0, 0, 0, 0, 0, 0, 0, 0, 2, 1, 0, 0, 0, 0, 0], [0, 0, 0, 0, 0, 0, 0, 0, 0, 0, 1, 1, 0, 0, 0, 0], [0, 0, 0, 0, 0, 0, 0, 0, 0, 0, 0, 3, 0, 0, 0, 0], [0, 0, 0, 0, 0, 0, 0, 0, 0, 0, 0, 0, 0, 1, 0, 0], [0, 0, 0, 0, 0, 0, 0, 0, 0, 0, 0, 0, 0, 0, 0, 1], [0, 0, 0, 0, 0, 0, 0, 0, 0, 0, 0, 0, 0, 0, 0, 0], [0, 0, 0, 0, 0, 0, 0, 0, 0, 0, 0, 0, 0, 0, 0, 0]]','[\"user1.Initial\", \"user1.ArriveFloorIN\", \"user1.waiting\", \"user1.elevator\", \"user1.elevator.Initial\", \"user1.elevator.callreceived\", \"user1.elevator.decision\", \"user1.elevator.decision.Initial\", \"user1.elevator.goingup\", \"user1.elevator.neutral\", \"user1.getin\", \"user1.elevator.goingdown\", \"user1.GoFloorOUT\", \"user1.ExitSystem\", \"user1.giveup\", \"user1.final\"]'),(34,'[[0, 1, 0, 0, 0, 0, 0, 0, 0, 0, 0, 0, 0, 0, 0, 0], [0, 0, 1, 1, 1, 0, 0, 0, 0, 0, 0, 0, 0, 0, 0, 0], [0, 0, 0, 0, 0, 0, 0, 0, 0, 0, 0, 0, 0, 0, 0, 0], [0, 0, 0, 0, 0, 0, 0, 0, 0, 0, 0, 0, 0, 0, 0, 0], [0, 0, 0, 0, 0, 1, 0, 0, 0, 0, 0, 0, 0, 0, 0, 0], [0, 0, 0, 0, 0, 0, 0, 0, 0, 0, 0, 0, 0, 0, 0, 0], [0, 0, 0, 0, 0, 0, 0, 0, 0, 0, 0, 0, 0, 0, 0, 0], [0, 0, 0, 0, 0, 0, 0, 0, 1, 0, 0, 0, 0, 0, 0, 0], [0, 0, 0, 0, 0, 0, 0, 0, 1, 1, 0, 0, 0, 0, 0, 0], [0, 0, 0, 0, 0, 0, 0, 0, 0, 4, 1, 0, 1, 0, 0, 0], [0, 0, 0, 0, 0, 0, 0, 0, 0, 0, 1, 1, 0, 0, 0, 0], [0, 0, 0, 0, 0, 0, 0, 0, 0, 1, 0, 3, 0, 0, 0, 0], [0, 0, 0, 0, 0, 0, 0, 0, 0, 0, 0, 0, 0, 1, 0, 0], [0, 0, 0, 0, 0, 0, 0, 0, 0, 0, 0, 0, 0, 0, 0, 1], [0, 0, 0, 0, 0, 0, 0, 0, 0, 0, 0, 0, 0, 0, 0, 0], [0, 0, 0, 0, 0, 0, 0, 0, 0, 0, 0, 0, 0, 0, 0, 0]]','[\"user1.Initial\", \"user1.ArriveFloorIN\", \"user1.waiting\", \"user1.elevator\", \"user1.elevator.Initial\", \"user1.elevator.callreceived\", \"user1.elevator.decision\", \"user1.elevator.decision.Initial\", \"user1.elevator.goingup\", \"user1.elevator.neutral\", \"user1.getin\", \"user1.elevator.goingdown\", \"user1.GoFloorOUT\", \"user1.ExitSystem\", \"user1.giveup\", \"user1.final\"]'),(35,'[[0, 1, 0, 0, 0, 0, 0, 0, 0, 0, 0, 0, 0, 0, 0, 0], [0, 0, 1, 1, 1, 0, 0, 0, 0, 0, 0, 0, 0, 0, 0, 0], [0, 0, 0, 0, 0, 0, 0, 0, 0, 0, 0, 0, 0, 0, 0, 0], [0, 0, 0, 0, 0, 0, 0, 0, 0, 0, 0, 0, 0, 0, 0, 0], [0, 0, 0, 0, 0, 1, 0, 0, 0, 0, 0, 0, 0, 0, 0, 0], [0, 0, 0, 0, 0, 0, 1, 1, 0, 0, 0, 0, 0, 0, 0, 0], [0, 0, 0, 0, 0, 0, 0, 0, 0, 0, 0, 0, 0, 0, 0, 0], [0, 0, 0, 0, 0, 0, 0, 0, 1, 0, 0, 0, 0, 0, 0, 0], [0, 0, 0, 0, 0, 0, 0, 0, 1, 1, 0, 0, 0, 0, 0, 0], [0, 0, 0, 0, 0, 0, 0, 0, 0, 2, 0, 0, 1, 0, 0, 0], [0, 0, 0, 0, 0, 0, 0, 0, 0, 0, 1, 1, 0, 0, 0, 0], [0, 0, 0, 0, 0, 0, 0, 0, 0, 1, 0, 3, 0, 0, 0, 0], [0, 0, 0, 0, 0, 0, 0, 0, 0, 0, 0, 0, 0, 1, 0, 0], [0, 0, 0, 0, 0, 0, 0, 0, 0, 0, 0, 0, 0, 0, 0, 1], [0, 0, 0, 0, 0, 0, 0, 0, 0, 0, 0, 0, 0, 0, 0, 0], [0, 0, 0, 0, 0, 0, 0, 0, 0, 0, 0, 0, 0, 0, 0, 0]]','[\"user1.Initial\", \"user1.ArriveFloorIN\", \"user1.waiting\", \"user1.elevator\", \"user1.elevator.Initial\", \"user1.elevator.callreceived\", \"user1.elevator.decision\", \"user1.elevator.decision.Initial\", \"user1.elevator.goingup\", \"user1.elevator.neutral\", \"user1.getin\", \"user1.elevator.goingdown\", \"user1.GoFloorOUT\", \"user1.ExitSystem\", \"user1.giveup\", \"user1.final\"]'),(36,'[[0, 1, 0, 0, 0, 0, 0, 0, 0, 0, 0, 0, 0, 0, 0, 0], [0, 0, 1, 1, 1, 0, 0, 0, 0, 0, 0, 0, 0, 0, 0, 0], [0, 0, 0, 0, 0, 0, 0, 0, 0, 0, 0, 0, 0, 0, 0, 0], [0, 0, 0, 0, 0, 0, 0, 0, 0, 0, 0, 0, 0, 0, 0, 0], [0, 0, 0, 0, 0, 1, 0, 0, 0, 0, 0, 0, 0, 0, 0, 0], [0, 0, 0, 0, 0, 0, 1, 1, 0, 0, 0, 0, 0, 0, 0, 0], [0, 0, 0, 0, 0, 0, 0, 0, 0, 0, 0, 0, 0, 0, 0, 0], [0, 0, 0, 0, 0, 0, 0, 0, 1, 0, 0, 0, 0, 0, 0, 0], [0, 0, 0, 0, 0, 0, 0, 0, 1, 1, 0, 0, 0, 0, 0, 0], [0, 0, 0, 0, 0, 0, 0, 0, 0, 4, 1, 0, 1, 0, 0, 0], [0, 0, 0, 0, 0, 0, 0, 0, 0, 0, 0, 0, 0, 0, 0, 0], [0, 0, 0, 0, 0, 0, 0, 0, 0, 1, 0, 1, 0, 0, 0, 0], [0, 0, 0, 0, 0, 0, 0, 0, 0, 0, 0, 0, 0, 1, 0, 0], [0, 0, 0, 0, 0, 0, 0, 0, 0, 0, 0, 0, 0, 0, 0, 1], [0, 0, 0, 0, 0, 0, 0, 0, 0, 0, 0, 0, 0, 0, 0, 0], [0, 0, 0, 0, 0, 0, 0, 0, 0, 0, 0, 0, 0, 0, 0, 0]]','[\"user1.Initial\", \"user1.ArriveFloorIN\", \"user1.waiting\", \"user1.elevator\", \"user1.elevator.Initial\", \"user1.elevator.callreceived\", \"user1.elevator.decision\", \"user1.elevator.decision.Initial\", \"user1.elevator.goingup\", \"user1.elevator.neutral\", \"user1.getin\", \"user1.elevator.goingdown\", \"user1.GoFloorOUT\", \"user1.ExitSystem\", \"user1.giveup\", \"user1.final\"]'),(37,'[[0, 0, 0, 0, 0, 0, 0, 0, 0, 0, 0, 0, 0, 0, 0, 0], [0, 0, 0, 0, 0, 0, 0, 0, 0, 0, 0, 0, 0, 0, 0, 0], [0, 0, 0, 0, 0, 0, 0, 0, 0, 0, 0, 0, 0, 0, 0, 0], [0, 0, 0, 0, 0, 0, 0, 0, 0, 0, 0, 0, 0, 0, 0, 0], [0, 0, 0, 0, 0, 0, 0, 0, 0, 0, 0, 0, 0, 0, 0, 0], [0, 0, 0, 0, 0, 0, 0, 0, 0, 0, 0, 0, 0, 0, 0, 0], [0, 0, 0, 0, 0, 0, 0, 0, 0, 0, 0, 0, 0, 0, 0, 0], [0, 0, 0, 0, 0, 0, 0, 0, 0, 0, 0, 0, 0, 0, 0, 0], [0, 0, 0, 0, 0, 0, 0, 0, 0, 0, 0, 0, 0, 0, 0, 0], [0, 0, 0, 0, 0, 0, 0, 0, 0, 4, 1, 0, 1, 0, 0, 0], [0, 0, 0, 0, 0, 0, 0, 0, 0, 0, 0, 0, 0, 0, 0, 0], [0, 0, 0, 0, 0, 0, 0, 0, 0, 1, 0, 1, 0, 0, 0, 0], [0, 0, 0, 0, 0, 0, 0, 0, 0, 0, 0, 0, 0, 1, 0, 0], [0, 0, 0, 0, 0, 0, 0, 0, 0, 0, 0, 0, 0, 0, 0, 1], [0, 0, 0, 0, 0, 0, 0, 0, 0, 0, 0, 0, 0, 0, 0, 0], [0, 0, 0, 0, 0, 0, 0, 0, 0, 0, 0, 0, 0, 0, 0, 0]]','[\"user1.Initial\", \"user1.ArriveFloorIN\", \"user1.waiting\", \"user1.elevator\", \"user1.elevator.Initial\", \"user1.elevator.callreceived\", \"user1.elevator.decision\", \"user1.elevator.decision.Initial\", \"user1.elevator.goingup\", \"user1.elevator.neutral\", \"user1.getin\", \"user1.elevator.goingdown\", \"user1.GoFloorOUT\", \"user1.ExitSystem\", \"user1.giveup\", \"user1.final\"]'),(38,'[[0, 1, 0, 0, 0, 0, 0, 0, 0, 0, 0, 0, 0, 0, 0, 0], [0, 0, 1, 1, 1, 0, 0, 0, 0, 0, 0, 0, 0, 0, 0, 0], [0, 0, 0, 0, 0, 0, 0, 0, 0, 0, 0, 0, 0, 0, 0, 0], [0, 0, 0, 0, 0, 0, 0, 0, 0, 0, 0, 0, 0, 0, 0, 0], [0, 0, 0, 0, 0, 1, 0, 0, 0, 0, 0, 0, 0, 0, 0, 0], [0, 0, 0, 0, 0, 0, 1, 1, 0, 0, 0, 0, 0, 0, 0, 0], [0, 0, 0, 0, 0, 0, 0, 0, 0, 0, 0, 0, 0, 0, 0, 0], [0, 0, 0, 0, 0, 0, 0, 0, 1, 0, 0, 0, 0, 0, 0, 0], [0, 0, 0, 0, 0, 0, 0, 0, 1, 1, 0, 0, 0, 0, 0, 0], [0, 0, 0, 0, 0, 0, 0, 0, 0, 3, 1, 0, 1, 0, 0, 0], [0, 0, 0, 0, 0, 0, 0, 0, 0, 0, 1, 1, 0, 0, 0, 0], [0, 0, 0, 0, 0, 0, 0, 0, 0, 1, 0, 3, 0, 0, 0, 0], [0, 0, 0, 0, 0, 0, 0, 0, 0, 0, 0, 0, 0, 1, 0, 0], [0, 0, 0, 0, 0, 0, 0, 0, 0, 0, 0, 0, 0, 0, 0, 1], [0, 0, 0, 0, 0, 0, 0, 0, 0, 0, 0, 0, 0, 0, 0, 0], [0, 0, 0, 0, 0, 0, 0, 0, 0, 0, 0, 0, 0, 0, 0, 0]]','[\"user1.Initial\", \"user1.ArriveFloorIN\", \"user1.waiting\", \"user1.elevator\", \"user1.elevator.Initial\", \"user1.elevator.callreceived\", \"user1.elevator.decision\", \"user1.elevator.decision.Initial\", \"user1.elevator.goingup\", \"user1.elevator.neutral\", \"user1.getin\", \"user1.elevator.goingdown\", \"user1.GoFloorOUT\", \"user1.ExitSystem\", \"user1.giveup\", \"user1.final\"]'),(39,'[[0, 1, 0, 0, 0, 0, 0, 0, 0, 0, 0, 0, 0, 0, 0, 0], [0, 0, 1, 1, 1, 0, 0, 0, 0, 0, 0, 0, 0, 0, 0, 0], [0, 0, 0, 0, 0, 0, 0, 0, 0, 0, 0, 0, 0, 0, 0, 0], [0, 0, 0, 0, 0, 0, 0, 0, 0, 0, 0, 0, 0, 0, 0, 0], [0, 0, 0, 0, 0, 1, 0, 0, 0, 0, 0, 0, 0, 0, 0, 0], [0, 0, 0, 0, 0, 0, 1, 1, 0, 0, 0, 0, 0, 0, 0, 0], [0, 0, 0, 0, 0, 0, 0, 0, 0, 0, 0, 0, 0, 0, 0, 0], [0, 0, 0, 0, 0, 0, 0, 0, 0, 0, 0, 0, 0, 0, 0, 0], [0, 0, 0, 0, 0, 0, 0, 0, 0, 0, 0, 0, 0, 0, 0, 0], [0, 0, 0, 0, 0, 0, 0, 0, 0, 4, 1, 0, 1, 0, 0, 0], [0, 0, 0, 0, 0, 0, 0, 0, 0, 0, 1, 1, 0, 0, 0, 0], [0, 0, 0, 0, 0, 0, 0, 0, 0, 1, 0, 3, 0, 0, 0, 0], [0, 0, 0, 0, 0, 0, 0, 0, 0, 0, 0, 0, 0, 1, 0, 0], [0, 0, 0, 0, 0, 0, 0, 0, 0, 0, 0, 0, 0, 0, 0, 1], [0, 0, 0, 0, 0, 0, 0, 0, 0, 0, 0, 0, 0, 0, 0, 0], [0, 0, 0, 0, 0, 0, 0, 0, 0, 0, 0, 0, 0, 0, 0, 0]]','[\"user1.Initial\", \"user1.ArriveFloorIN\", \"user1.waiting\", \"user1.elevator\", \"user1.elevator.Initial\", \"user1.elevator.callreceived\", \"user1.elevator.decision\", \"user1.elevator.decision.Initial\", \"user1.elevator.goingup\", \"user1.elevator.neutral\", \"user1.getin\", \"user1.elevator.goingdown\", \"user1.GoFloorOUT\", \"user1.ExitSystem\", \"user1.giveup\", \"user1.final\"]'),(40,'[[0, 1, 0, 0, 0, 0, 0, 0, 0, 0, 0, 0, 0, 0, 0, 0], [0, 0, 1, 1, 1, 0, 0, 0, 0, 0, 0, 0, 0, 0, 0, 0], [0, 0, 0, 0, 0, 0, 0, 0, 0, 0, 0, 0, 0, 0, 0, 0], [0, 0, 0, 0, 0, 0, 0, 0, 0, 0, 0, 0, 0, 0, 0, 0], [0, 0, 0, 0, 0, 1, 0, 0, 0, 0, 0, 0, 0, 0, 0, 0], [0, 0, 0, 0, 0, 0, 1, 1, 0, 0, 0, 0, 0, 0, 0, 0], [0, 0, 0, 0, 0, 0, 0, 0, 0, 0, 0, 0, 0, 0, 0, 0], [0, 0, 0, 0, 0, 0, 0, 0, 1, 0, 0, 0, 0, 0, 0, 0], [0, 0, 0, 0, 0, 0, 0, 0, 1, 1, 0, 0, 0, 0, 0, 0], [0, 0, 0, 0, 0, 0, 0, 0, 0, 4, 1, 0, 0, 0, 0, 0], [0, 0, 0, 0, 0, 0, 0, 0, 0, 0, 1, 1, 0, 0, 0, 0], [0, 0, 0, 0, 0, 0, 0, 0, 0, 1, 0, 3, 0, 0, 0, 0], [0, 0, 0, 0, 0, 0, 0, 0, 0, 0, 0, 0, 0, 0, 0, 0], [0, 0, 0, 0, 0, 0, 0, 0, 0, 0, 0, 0, 0, 0, 0, 0], [0, 0, 0, 0, 0, 0, 0, 0, 0, 0, 0, 0, 0, 0, 0, 0], [0, 0, 0, 0, 0, 0, 0, 0, 0, 0, 0, 0, 0, 0, 0, 0]]','[\"user1.Initial\", \"user1.ArriveFloorIN\", \"user1.waiting\", \"user1.elevator\", \"user1.elevator.Initial\", \"user1.elevator.callreceived\", \"user1.elevator.decision\", \"user1.elevator.decision.Initial\", \"user1.elevator.goingup\", \"user1.elevator.neutral\", \"user1.getin\", \"user1.elevator.goingdown\", \"user1.GoFloorOUT\", \"user1.ExitSystem\", \"user1.giveup\", \"user1.final\"]'),(41,'[[0, 1, 0, 0, 0, 0, 0, 0, 0, 0, 0, 0, 0, 0, 0, 0], [0, 0, 1, 1, 1, 0, 0, 0, 0, 0, 0, 0, 0, 0, 0, 0], [0, 0, 0, 0, 0, 0, 0, 0, 0, 0, 0, 0, 0, 0, 0, 0], [0, 0, 0, 0, 0, 0, 0, 0, 0, 0, 0, 0, 0, 0, 0, 0], [0, 0, 0, 0, 0, 0, 0, 0, 0, 0, 0, 0, 0, 0, 0, 0], [0, 0, 0, 0, 0, 0, 0, 0, 0, 0, 0, 0, 0, 0, 0, 0], [0, 0, 0, 0, 0, 0, 0, 0, 0, 0, 0, 0, 0, 0, 0, 0], [0, 0, 0, 0, 0, 0, 0, 0, 0, 0, 0, 0, 0, 0, 0, 0], [0, 0, 0, 0, 0, 0, 0, 0, 0, 0, 0, 0, 0, 0, 0, 0], [0, 0, 0, 0, 0, 0, 0, 0, 0, 2, 0, 0, 1, 0, 0, 0], [0, 0, 0, 0, 0, 0, 0, 0, 0, 0, 0, 0, 0, 0, 0, 0], [0, 0, 0, 0, 0, 0, 0, 0, 0, 1, 0, 0, 0, 0, 0, 0], [0, 0, 0, 0, 0, 0, 0, 0, 0, 0, 0, 0, 0, 1, 0, 0], [0, 0, 0, 0, 0, 0, 0, 0, 0, 0, 0, 0, 0, 0, 0, 1], [0, 0, 0, 0, 0, 0, 0, 0, 0, 0, 0, 0, 0, 0, 0, 0], [0, 0, 0, 0, 0, 0, 0, 0, 0, 0, 0, 0, 0, 0, 0, 0]]','[\"user1.Initial\", \"user1.ArriveFloorIN\", \"user1.waiting\", \"user1.elevator\", \"user1.elevator.Initial\", \"user1.elevator.callreceived\", \"user1.elevator.decision\", \"user1.elevator.decision.Initial\", \"user1.elevator.goingup\", \"user1.elevator.neutral\", \"user1.getin\", \"user1.elevator.goingdown\", \"user1.GoFloorOUT\", \"user1.ExitSystem\", \"user1.giveup\", \"user1.final\"]'),(42,'[[0, 1, 0, 0, 0, 0, 0, 0, 0, 0, 0, 0, 0, 0, 0, 0], [0, 0, 1, 1, 1, 0, 0, 0, 0, 0, 0, 0, 0, 0, 0, 0], [0, 0, 0, 0, 0, 0, 0, 0, 0, 0, 0, 0, 0, 0, 0, 0], [0, 0, 0, 0, 0, 0, 0, 0, 0, 0, 0, 0, 0, 0, 0, 0], [0, 0, 0, 0, 0, 1, 0, 0, 0, 0, 0, 0, 0, 0, 0, 0], [0, 0, 0, 0, 0, 0, 1, 1, 0, 0, 0, 0, 0, 0, 0, 0], [0, 0, 0, 0, 0, 0, 0, 0, 0, 0, 0, 0, 0, 0, 0, 0], [0, 0, 0, 0, 0, 0, 0, 0, 1, 0, 0, 0, 0, 0, 0, 0], [0, 0, 0, 0, 0, 0, 0, 0, 1, 1, 0, 0, 0, 0, 0, 0], [0, 0, 0, 0, 0, 0, 0, 0, 0, 3, 1, 0, 1, 0, 0, 0], [0, 0, 0, 0, 0, 0, 0, 0, 0, 0, 1, 1, 0, 0, 0, 0], [0, 0, 0, 0, 0, 0, 0, 0, 0, 1, 0, 3, 0, 0, 0, 0], [0, 0, 0, 0, 0, 0, 0, 0, 0, 0, 0, 0, 0, 1, 0, 0], [0, 0, 0, 0, 0, 0, 0, 0, 0, 0, 0, 0, 0, 0, 0, 1], [0, 0, 0, 0, 0, 0, 0, 0, 0, 0, 0, 0, 0, 0, 0, 0], [0, 0, 0, 0, 0, 0, 0, 0, 0, 0, 0, 0, 0, 0, 0, 0]]','[\"user1.Initial\", \"user1.ArriveFloorIN\", \"user1.waiting\", \"user1.elevator\", \"user1.elevator.Initial\", \"user1.elevator.callreceived\", \"user1.elevator.decision\", \"user1.elevator.decision.Initial\", \"user1.elevator.goingup\", \"user1.elevator.neutral\", \"user1.getin\", \"user1.elevator.goingdown\", \"user1.GoFloorOUT\", \"user1.ExitSystem\", \"user1.giveup\", \"user1.final\"]'),(43,'[[0, 1, 0, 0, 0, 0, 0, 0, 0, 0, 0, 0, 0, 0, 0, 0], [0, 0, 1, 1, 1, 0, 0, 0, 0, 0, 0, 0, 0, 0, 0, 0], [0, 0, 0, 0, 0, 0, 0, 0, 0, 0, 0, 0, 0, 0, 0, 0], [0, 0, 0, 0, 0, 0, 0, 0, 0, 0, 0, 0, 0, 0, 0, 0], [0, 0, 0, 0, 0, 1, 0, 0, 0, 0, 0, 0, 0, 0, 0, 0], [0, 0, 0, 0, 0, 0, 1, 0, 0, 0, 0, 0, 0, 0, 0, 0], [0, 0, 0, 0, 0, 0, 0, 0, 0, 0, 0, 0, 0, 0, 0, 0], [0, 0, 0, 0, 0, 0, 0, 0, 1, 0, 0, 0, 0, 0, 0, 0], [0, 0, 0, 0, 0, 0, 0, 0, 1, 1, 0, 0, 0, 0, 0, 0], [0, 0, 0, 0, 0, 0, 0, 0, 0, 4, 1, 0, 1, 0, 0, 0], [0, 0, 0, 0, 0, 0, 0, 0, 0, 0, 1, 1, 0, 0, 0, 0], [0, 0, 0, 0, 0, 0, 0, 0, 0, 1, 0, 3, 0, 0, 0, 0], [0, 0, 0, 0, 0, 0, 0, 0, 0, 0, 0, 0, 0, 1, 0, 0], [0, 0, 0, 0, 0, 0, 0, 0, 0, 0, 0, 0, 0, 0, 0, 1], [0, 0, 0, 0, 0, 0, 0, 0, 0, 0, 0, 0, 0, 0, 0, 0], [0, 0, 0, 0, 0, 0, 0, 0, 0, 0, 0, 0, 0, 0, 0, 0]]','[\"user1.Initial\", \"user1.ArriveFloorIN\", \"user1.waiting\", \"user1.elevator\", \"user1.elevator.Initial\", \"user1.elevator.callreceived\", \"user1.elevator.decision\", \"user1.elevator.decision.Initial\", \"user1.elevator.goingup\", \"user1.elevator.neutral\", \"user1.getin\", \"user1.elevator.goingdown\", \"user1.GoFloorOUT\", \"user1.ExitSystem\", \"user1.giveup\", \"user1.final\"]'),(44,'[[0, 1, 0, 0, 0, 0, 0, 0, 0, 0, 0, 0, 0, 0, 0, 0], [0, 0, 0, 0, 0, 0, 0, 0, 0, 0, 0, 0, 0, 0, 0, 0], [0, 0, 0, 0, 0, 0, 0, 0, 0, 0, 0, 0, 0, 0, 0, 0], [0, 0, 0, 0, 0, 0, 0, 0, 0, 0, 0, 0, 0, 0, 0, 0], [0, 0, 0, 0, 0, 0, 0, 0, 0, 0, 0, 0, 0, 0, 0, 0], [0, 0, 0, 0, 0, 0, 0, 0, 0, 0, 0, 0, 0, 0, 0, 0], [0, 0, 0, 0, 0, 0, 0, 0, 0, 0, 0, 0, 0, 0, 0, 0], [0, 0, 0, 0, 0, 0, 0, 0, 0, 0, 0, 0, 0, 0, 0, 0], [0, 0, 0, 0, 0, 0, 0, 0, 0, 0, 0, 0, 0, 0, 0, 0], [0, 0, 0, 0, 0, 0, 0, 0, 0, 0, 0, 0, 0, 0, 0, 0], [0, 0, 0, 0, 0, 0, 0, 0, 0, 0, 0, 0, 0, 0, 0, 0], [0, 0, 0, 0, 0, 0, 0, 0, 0, 0, 0, 0, 0, 0, 0, 0], [0, 0, 0, 0, 0, 0, 0, 0, 0, 0, 0, 0, 0, 0, 0, 0], [0, 0, 0, 0, 0, 0, 0, 0, 0, 0, 0, 0, 0, 0, 0, 0], [0, 0, 0, 0, 0, 0, 0, 0, 0, 0, 0, 0, 0, 0, 0, 0], [0, 0, 0, 0, 0, 0, 0, 0, 0, 0, 0, 0, 0, 0, 0, 0]]','[\"user1.Initial\", \"user1.ArriveFloorIN\", \"user1.waiting\", \"user1.elevator\", \"user1.elevator.Initial\", \"user1.elevator.callreceived\", \"user1.elevator.decision\", \"user1.elevator.decision.Initial\", \"user1.elevator.goingup\", \"user1.elevator.neutral\", \"user1.getin\", \"user1.elevator.goingdown\", \"user1.GoFloorOUT\", \"user1.ExitSystem\", \"user1.giveup\", \"user1.final\"]'),(45,'[[0, 0, 0, 0, 0, 0, 0, 0, 0, 0, 0, 0, 0, 0, 0, 0], [0, 0, 0, 0, 0, 0, 0, 0, 0, 0, 0, 0, 0, 0, 0, 0], [0, 0, 0, 0, 0, 0, 0, 0, 0, 0, 0, 0, 0, 0, 0, 0], [0, 0, 0, 0, 0, 0, 0, 0, 0, 0, 0, 0, 0, 0, 0, 0], [0, 0, 0, 0, 0, 0, 0, 0, 0, 0, 0, 0, 0, 0, 0, 0], [0, 0, 0, 0, 0, 0, 0, 0, 0, 0, 0, 0, 0, 0, 0, 0], [0, 0, 0, 0, 0, 0, 0, 0, 0, 0, 0, 0, 0, 0, 0, 0], [0, 0, 0, 0, 0, 0, 0, 0, 0, 0, 0, 0, 0, 0, 0, 0], [0, 0, 0, 0, 0, 0, 0, 0, 0, 0, 0, 0, 0, 0, 0, 0], [0, 0, 0, 0, 0, 0, 0, 0, 0, 0, 0, 0, 0, 0, 0, 0], [0, 0, 0, 0, 0, 0, 0, 0, 0, 0, 0, 0, 0, 0, 0, 0], [0, 0, 0, 0, 0, 0, 0, 0, 0, 0, 0, 0, 0, 0, 0, 0], [0, 0, 0, 0, 0, 0, 0, 0, 0, 0, 0, 0, 0, 0, 0, 0], [0, 0, 0, 0, 0, 0, 0, 0, 0, 0, 0, 0, 0, 0, 0, 1], [0, 0, 0, 0, 0, 0, 0, 0, 0, 0, 0, 0, 0, 0, 0, 0], [0, 0, 0, 0, 0, 0, 0, 0, 0, 0, 0, 0, 0, 0, 0, 0]]','[\"user1.Initial\", \"user1.ArriveFloorIN\", \"user1.waiting\", \"user1.elevator\", \"user1.elevator.Initial\", \"user1.elevator.callreceived\", \"user1.elevator.decision\", \"user1.elevator.decision.Initial\", \"user1.elevator.goingup\", \"user1.elevator.neutral\", \"user1.getin\", \"user1.elevator.goingdown\", \"user1.GoFloorOUT\", \"user1.ExitSystem\", \"user1.giveup\", \"user1.final\"]'),(46,'[[0, 1, 0, 0, 0, 0, 0, 0, 0, 0, 0, 0, 0, 0, 0, 0], [0, 0, 0, 0, 0, 0, 0, 0, 0, 0, 0, 0, 0, 0, 0, 0], [0, 0, 0, 0, 0, 0, 0, 0, 0, 0, 0, 0, 0, 0, 0, 0], [0, 0, 0, 0, 0, 0, 0, 0, 0, 0, 0, 0, 0, 0, 0, 0], [0, 0, 0, 0, 0, 0, 0, 0, 0, 0, 0, 0, 0, 0, 0, 0], [0, 0, 0, 0, 0, 0, 0, 0, 0, 0, 0, 0, 0, 0, 0, 0], [0, 0, 0, 0, 0, 0, 0, 0, 0, 0, 0, 0, 0, 0, 0, 0], [0, 0, 0, 0, 0, 0, 0, 0, 0, 0, 0, 0, 0, 0, 0, 0], [0, 0, 0, 0, 0, 0, 0, 0, 0, 0, 0, 0, 0, 0, 0, 0], [0, 0, 0, 0, 0, 0, 0, 0, 0, 0, 0, 0, 0, 0, 0, 0], [0, 0, 0, 0, 0, 0, 0, 0, 0, 0, 0, 0, 0, 0, 0, 0], [0, 0, 0, 0, 0, 0, 0, 0, 0, 0, 0, 0, 0, 0, 0, 0], [0, 0, 0, 0, 0, 0, 0, 0, 0, 0, 0, 0, 0, 0, 0, 0], [0, 0, 0, 0, 0, 0, 0, 0, 0, 0, 0, 0, 0, 0, 0, 1], [0, 0, 0, 0, 0, 0, 0, 0, 0, 0, 0, 0, 0, 0, 0, 0], [0, 0, 0, 0, 0, 0, 0, 0, 0, 0, 0, 0, 0, 0, 0, 0]]','[\"user1.Initial\", \"user1.ArriveFloorIN\", \"user1.waiting\", \"user1.elevator\", \"user1.elevator.Initial\", \"user1.elevator.callreceived\", \"user1.elevator.decision\", \"user1.elevator.decision.Initial\", \"user1.elevator.goingup\", \"user1.elevator.neutral\", \"user1.getin\", \"user1.elevator.goingdown\", \"user1.GoFloorOUT\", \"user1.ExitSystem\", \"user1.giveup\", \"user1.final\"]'),(47,'[[0, 1, 0, 0, 0, 0, 0, 0, 0, 0, 0, 0, 0, 0, 0, 0], [0, 0, 1, 1, 1, 0, 0, 0, 0, 0, 0, 0, 0, 0, 0, 0], [0, 0, 0, 0, 0, 0, 0, 0, 0, 0, 0, 0, 0, 0, 0, 0], [0, 0, 0, 0, 0, 0, 0, 0, 0, 0, 0, 0, 0, 0, 0, 0], [0, 0, 0, 0, 0, 1, 0, 0, 0, 0, 0, 0, 0, 0, 0, 0], [0, 0, 0, 0, 0, 0, 0, 0, 0, 0, 0, 0, 0, 0, 0, 0], [0, 0, 0, 0, 0, 0, 0, 0, 0, 0, 0, 0, 0, 0, 0, 0], [0, 0, 0, 0, 0, 0, 0, 0, 0, 0, 0, 0, 0, 0, 0, 0], [0, 0, 0, 0, 0, 0, 0, 0, 0, 0, 0, 0, 0, 0, 0, 0], [0, 0, 0, 0, 0, 0, 0, 0, 0, 0, 0, 0, 0, 0, 0, 0], [0, 0, 0, 0, 0, 0, 0, 0, 0, 0, 0, 0, 0, 0, 0, 0], [0, 0, 0, 0, 0, 0, 0, 0, 0, 0, 0, 0, 0, 0, 0, 0], [0, 0, 0, 0, 0, 0, 0, 0, 0, 0, 0, 0, 0, 0, 0, 0], [0, 0, 0, 0, 0, 0, 0, 0, 0, 0, 0, 0, 0, 0, 0, 1], [0, 0, 0, 0, 0, 0, 0, 0, 0, 0, 0, 0, 0, 0, 0, 0], [0, 0, 0, 0, 0, 0, 0, 0, 0, 0, 0, 0, 0, 0, 0, 0]]','[\"user1.Initial\", \"user1.ArriveFloorIN\", \"user1.waiting\", \"user1.elevator\", \"user1.elevator.Initial\", \"user1.elevator.callreceived\", \"user1.elevator.decision\", \"user1.elevator.decision.Initial\", \"user1.elevator.goingup\", \"user1.elevator.neutral\", \"user1.getin\", \"user1.elevator.goingdown\", \"user1.GoFloorOUT\", \"user1.ExitSystem\", \"user1.giveup\", \"user1.final\"]'),(48,'[[0, 1, 0, 0, 0, 0, 0, 0, 0, 0, 0, 0, 0, 0, 0, 0], [0, 0, 1, 1, 1, 0, 0, 0, 0, 0, 0, 0, 0, 0, 0, 0], [0, 0, 0, 0, 0, 0, 0, 0, 0, 0, 0, 0, 0, 0, 0, 0], [0, 0, 0, 0, 0, 0, 0, 0, 0, 0, 0, 0, 0, 0, 0, 0], [0, 0, 0, 0, 0, 1, 0, 0, 0, 0, 0, 0, 0, 0, 0, 0], [0, 0, 0, 0, 0, 0, 1, 1, 0, 0, 0, 0, 0, 0, 0, 0], [0, 0, 0, 0, 0, 0, 0, 0, 0, 0, 0, 0, 0, 0, 0, 0], [0, 0, 0, 0, 0, 0, 0, 0, 1, 0, 0, 0, 0, 0, 0, 0], [0, 0, 0, 0, 0, 0, 0, 0, 1, 1, 0, 0, 0, 0, 0, 0], [0, 0, 0, 0, 0, 0, 0, 0, 0, 2, 1, 0, 0, 0, 0, 0], [0, 0, 0, 0, 0, 0, 0, 0, 0, 0, 1, 1, 0, 0, 0, 0], [0, 0, 0, 0, 0, 0, 0, 0, 0, 0, 0, 3, 0, 0, 0, 0], [0, 0, 0, 0, 0, 0, 0, 0, 0, 0, 0, 0, 0, 0, 0, 0], [0, 0, 0, 0, 0, 0, 0, 0, 0, 0, 0, 0, 0, 0, 0, 1], [0, 0, 0, 0, 0, 0, 0, 0, 0, 0, 0, 0, 0, 0, 0, 0], [0, 0, 0, 0, 0, 0, 0, 0, 0, 0, 0, 0, 0, 0, 0, 0]]','[\"user1.Initial\", \"user1.ArriveFloorIN\", \"user1.waiting\", \"user1.elevator\", \"user1.elevator.Initial\", \"user1.elevator.callreceived\", \"user1.elevator.decision\", \"user1.elevator.decision.Initial\", \"user1.elevator.goingup\", \"user1.elevator.neutral\", \"user1.getin\", \"user1.elevator.goingdown\", \"user1.GoFloorOUT\", \"user1.ExitSystem\", \"user1.giveup\", \"user1.final\"]'),(49,'[[0, 1, 0, 0, 0, 0, 0, 0, 0, 0, 0, 0, 0, 0, 0, 0], [0, 0, 0, 0, 0, 0, 0, 0, 0, 0, 0, 0, 0, 0, 0, 0], [0, 0, 0, 0, 0, 0, 0, 0, 0, 0, 0, 0, 0, 0, 0, 0], [0, 0, 0, 0, 0, 0, 0, 0, 0, 0, 0, 0, 0, 0, 0, 0], [0, 0, 0, 0, 0, 0, 0, 0, 0, 0, 0, 0, 0, 0, 0, 0], [0, 0, 0, 0, 0, 0, 0, 0, 0, 0, 0, 0, 0, 0, 0, 0], [0, 0, 0, 0, 0, 0, 0, 0, 0, 0, 0, 0, 0, 0, 0, 0], [0, 0, 0, 0, 0, 0, 0, 0, 0, 0, 0, 0, 0, 0, 0, 0], [0, 0, 0, 0, 0, 0, 0, 0, 0, 0, 0, 0, 0, 0, 0, 0], [0, 0, 0, 0, 0, 0, 0, 0, 0, 0, 0, 0, 0, 0, 0, 0], [0, 0, 0, 0, 0, 0, 0, 0, 0, 0, 0, 0, 0, 0, 0, 0], [0, 0, 0, 0, 0, 0, 0, 0, 0, 0, 0, 0, 0, 0, 0, 0], [0, 0, 0, 0, 0, 0, 0, 0, 0, 0, 0, 0, 0, 1, 0, 0], [0, 0, 0, 0, 0, 0, 0, 0, 0, 0, 0, 0, 0, 0, 0, 1], [0, 0, 0, 0, 0, 0, 0, 0, 0, 0, 0, 0, 0, 0, 0, 0], [0, 0, 0, 0, 0, 0, 0, 0, 0, 0, 0, 0, 0, 0, 0, 0]]','[\"user1.Initial\", \"user1.ArriveFloorIN\", \"user1.waiting\", \"user1.elevator\", \"user1.elevator.Initial\", \"user1.elevator.callreceived\", \"user1.elevator.decision\", \"user1.elevator.decision.Initial\", \"user1.elevator.goingup\", \"user1.elevator.neutral\", \"user1.getin\", \"user1.elevator.goingdown\", \"user1.GoFloorOUT\", \"user1.ExitSystem\", \"user1.giveup\", \"user1.final\"]'),(50,'[[0, 1, 0, 0, 0, 0, 0, 0, 0, 0, 0, 0, 0, 0, 0, 0], [0, 0, 1, 1, 1, 0, 0, 0, 0, 0, 0, 0, 0, 0, 0, 0], [0, 0, 0, 0, 0, 0, 0, 0, 0, 0, 0, 0, 0, 0, 0, 0], [0, 0, 0, 0, 0, 0, 0, 0, 0, 0, 0, 0, 0, 0, 0, 0], [0, 0, 0, 0, 0, 1, 0, 0, 0, 0, 0, 0, 0, 0, 0, 0], [0, 0, 0, 0, 0, 0, 0, 0, 0, 0, 0, 0, 0, 0, 0, 0], [0, 0, 0, 0, 0, 0, 0, 0, 0, 0, 0, 0, 0, 0, 0, 0], [0, 0, 0, 0, 0, 0, 0, 0, 0, 0, 0, 0, 0, 0, 0, 0], [0, 0, 0, 0, 0, 0, 0, 0, 0, 0, 0, 0, 0, 0, 0, 0], [0, 0, 0, 0, 0, 0, 0, 0, 0, 0, 0, 0, 0, 0, 0, 0], [0, 0, 0, 0, 0, 0, 0, 0, 0, 0, 0, 0, 0, 0, 0, 0], [0, 0, 0, 0, 0, 0, 0, 0, 0, 0, 0, 0, 0, 0, 0, 0], [0, 0, 0, 0, 0, 0, 0, 0, 0, 0, 0, 0, 0, 1, 0, 0], [0, 0, 0, 0, 0, 0, 0, 0, 0, 0, 0, 0, 0, 0, 0, 1], [0, 0, 0, 0, 0, 0, 0, 0, 0, 0, 0, 0, 0, 0, 0, 0], [0, 0, 0, 0, 0, 0, 0, 0, 0, 0, 0, 0, 0, 0, 0, 0]]','[\"user1.Initial\", \"user1.ArriveFloorIN\", \"user1.waiting\", \"user1.elevator\", \"user1.elevator.Initial\", \"user1.elevator.callreceived\", \"user1.elevator.decision\", \"user1.elevator.decision.Initial\", \"user1.elevator.goingup\", \"user1.elevator.neutral\", \"user1.getin\", \"user1.elevator.goingdown\", \"user1.GoFloorOUT\", \"user1.ExitSystem\", \"user1.giveup\", \"user1.final\"]'),(51,'[[0, 1, 0, 0, 0, 0, 0, 0, 0, 0, 0, 0, 0, 0, 0, 0], [0, 0, 1, 1, 1, 0, 0, 0, 0, 0, 0, 0, 0, 0, 0, 0], [0, 0, 0, 0, 0, 0, 0, 0, 0, 0, 0, 0, 0, 0, 1, 0], [0, 0, 0, 0, 0, 0, 0, 0, 0, 0, 0, 0, 0, 0, 0, 0], [0, 0, 0, 0, 0, 1, 0, 0, 0, 0, 0, 0, 0, 0, 0, 0], [0, 0, 0, 0, 0, 0, 1, 1, 0, 0, 0, 0, 0, 0, 0, 0], [0, 0, 0, 0, 0, 0, 0, 0, 0, 0, 0, 0, 0, 0, 0, 0], [0, 0, 0, 0, 0, 0, 0, 0, 1, 0, 0, 0, 0, 0, 0, 0], [0, 0, 0, 0, 0, 0, 0, 0, 1, 0, 0, 0, 0, 0, 0, 0], [0, 0, 0, 0, 0, 0, 0, 0, 0, 0, 0, 0, 0, 0, 0, 0], [0, 0, 0, 0, 0, 0, 0, 0, 0, 0, 0, 0, 0, 0, 0, 0], [0, 0, 0, 0, 0, 0, 0, 0, 0, 0, 0, 0, 0, 0, 0, 0], [0, 0, 0, 0, 0, 0, 0, 0, 0, 0, 0, 0, 0, 0, 0, 0], [0, 0, 0, 0, 0, 0, 0, 0, 0, 0, 0, 0, 0, 0, 0, 0], [0, 0, 0, 0, 0, 0, 0, 0, 0, 0, 0, 0, 0, 0, 0, 0], [0, 0, 0, 0, 0, 0, 0, 0, 0, 0, 0, 0, 0, 0, 0, 0]]','[\"user1.Initial\", \"user1.ArriveFloorIN\", \"user1.waiting\", \"user1.elevator\", \"user1.elevator.Initial\", \"user1.elevator.callreceived\", \"user1.elevator.decision\", \"user1.elevator.decision.Initial\", \"user1.elevator.goingup\", \"user1.elevator.neutral\", \"user1.getin\", \"user1.elevator.goingdown\", \"user1.GoFloorOUT\", \"user1.ExitSystem\", \"user1.giveup\", \"user1.final\"]'),(52,'[[0, 1, 0, 0, 0, 0, 0, 0, 0, 0, 0, 0, 0, 0, 0, 0], [0, 0, 1, 1, 1, 0, 0, 0, 0, 0, 0, 0, 0, 0, 0, 0], [0, 0, 0, 0, 0, 0, 0, 0, 0, 0, 0, 0, 0, 0, 0, 0], [0, 0, 0, 0, 0, 0, 0, 0, 0, 0, 0, 0, 0, 0, 0, 0], [0, 0, 0, 0, 0, 0, 0, 0, 0, 0, 0, 0, 0, 0, 0, 0], [0, 0, 0, 0, 0, 0, 0, 0, 0, 0, 0, 0, 0, 0, 0, 0], [0, 0, 0, 0, 0, 0, 0, 0, 0, 0, 0, 0, 0, 0, 0, 0], [0, 0, 0, 0, 0, 0, 0, 0, 0, 0, 0, 0, 0, 0, 0, 0], [0, 0, 0, 0, 0, 0, 0, 0, 0, 0, 0, 0, 0, 0, 0, 0], [0, 0, 0, 0, 0, 0, 0, 0, 0, 0, 0, 0, 0, 0, 0, 0], [0, 0, 0, 0, 0, 0, 0, 0, 0, 0, 0, 0, 0, 0, 0, 0], [0, 0, 0, 0, 0, 0, 0, 0, 0, 0, 0, 0, 0, 0, 0, 0], [0, 0, 0, 0, 0, 0, 0, 0, 0, 0, 0, 0, 0, 0, 0, 0], [0, 0, 0, 0, 0, 0, 0, 0, 0, 0, 0, 0, 0, 0, 0, 0], [0, 0, 0, 0, 0, 0, 0, 0, 0, 0, 0, 0, 0, 0, 0, 0], [0, 0, 0, 0, 0, 0, 0, 0, 0, 0, 0, 0, 0, 0, 0, 0]]','[\"user1.Initial\", \"user1.ArriveFloorIN\", \"user1.waiting\", \"user1.elevator\", \"user1.elevator.Initial\", \"user1.elevator.callreceived\", \"user1.elevator.decision\", \"user1.elevator.decision.Initial\", \"user1.elevator.goingup\", \"user1.elevator.neutral\", \"user1.getin\", \"user1.elevator.goingdown\", \"user1.GoFloorOUT\", \"user1.ExitSystem\", \"user1.giveup\", \"user1.final\"]'),(53,'[[0, 1, 0, 0, 0, 0, 0, 0, 0, 0, 0, 0, 0, 0, 0, 0], [0, 0, 1, 1, 1, 0, 0, 0, 0, 0, 0, 0, 0, 0, 0, 0], [0, 0, 0, 0, 0, 0, 0, 0, 0, 0, 0, 0, 0, 0, 0, 0], [0, 0, 0, 0, 0, 0, 0, 0, 0, 0, 0, 0, 0, 0, 0, 0], [0, 0, 0, 0, 0, 1, 0, 0, 0, 0, 0, 0, 0, 0, 0, 0], [0, 0, 0, 0, 0, 0, 1, 1, 0, 0, 0, 0, 0, 0, 0, 0], [0, 0, 0, 0, 0, 0, 0, 0, 0, 0, 0, 0, 0, 0, 0, 0], [0, 0, 0, 0, 0, 0, 0, 0, 0, 0, 0, 0, 0, 0, 0, 0], [0, 0, 0, 0, 0, 0, 0, 0, 0, 0, 0, 0, 0, 0, 0, 0], [0, 0, 0, 0, 0, 0, 0, 0, 0, 0, 0, 0, 0, 0, 0, 0], [0, 0, 0, 0, 0, 0, 0, 0, 0, 0, 0, 0, 0, 0, 0, 0], [0, 0, 0, 0, 0, 0, 0, 0, 0, 0, 0, 0, 0, 0, 0, 0], [0, 0, 0, 0, 0, 0, 0, 0, 0, 0, 0, 0, 0, 0, 0, 0], [0, 0, 0, 0, 0, 0, 0, 0, 0, 0, 0, 0, 0, 0, 0, 0], [0, 0, 0, 0, 0, 0, 0, 0, 0, 0, 0, 0, 0, 0, 0, 0], [0, 0, 0, 0, 0, 0, 0, 0, 0, 0, 0, 0, 0, 0, 0, 0]]','[\"user1.Initial\", \"user1.ArriveFloorIN\", \"user1.waiting\", \"user1.elevator\", \"user1.elevator.Initial\", \"user1.elevator.callreceived\", \"user1.elevator.decision\", \"user1.elevator.decision.Initial\", \"user1.elevator.goingup\", \"user1.elevator.neutral\", \"user1.getin\", \"user1.elevator.goingdown\", \"user1.GoFloorOUT\", \"user1.ExitSystem\", \"user1.giveup\", \"user1.final\"]'),(54,'[[0, 1, 0, 0, 0, 0, 0, 0, 0, 0, 0, 0, 0, 0, 0, 0], [0, 0, 1, 1, 1, 0, 0, 0, 0, 0, 0, 0, 0, 0, 0, 0], [0, 0, 0, 0, 0, 0, 0, 0, 0, 0, 0, 0, 0, 0, 0, 0], [0, 0, 0, 0, 0, 0, 0, 0, 0, 0, 0, 0, 0, 0, 0, 0], [0, 0, 0, 0, 0, 0, 0, 0, 0, 0, 0, 0, 0, 0, 0, 0], [0, 0, 0, 0, 0, 0, 0, 0, 0, 0, 0, 0, 0, 0, 0, 0], [0, 0, 0, 0, 0, 0, 0, 0, 0, 0, 0, 0, 0, 0, 0, 0], [0, 0, 0, 0, 0, 0, 0, 0, 0, 0, 0, 0, 0, 0, 0, 0], [0, 0, 0, 0, 0, 0, 0, 0, 0, 0, 0, 0, 0, 0, 0, 0], [0, 0, 0, 0, 0, 0, 0, 0, 0, 0, 0, 0, 0, 0, 0, 0], [0, 0, 0, 0, 0, 0, 0, 0, 0, 0, 0, 0, 0, 0, 0, 0], [0, 0, 0, 0, 0, 0, 0, 0, 0, 0, 0, 0, 0, 0, 0, 0], [0, 0, 0, 0, 0, 0, 0, 0, 0, 0, 0, 0, 0, 0, 0, 0], [0, 0, 0, 0, 0, 0, 0, 0, 0, 0, 0, 0, 0, 0, 0, 1], [0, 0, 0, 0, 0, 0, 0, 0, 0, 0, 0, 0, 0, 0, 0, 0], [0, 0, 0, 0, 0, 0, 0, 0, 0, 0, 0, 0, 0, 0, 0, 0]]','[\"user1.Initial\", \"user1.ArriveFloorIN\", \"user1.waiting\", \"user1.elevator\", \"user1.elevator.Initial\", \"user1.elevator.callreceived\", \"user1.elevator.decision\", \"user1.elevator.decision.Initial\", \"user1.elevator.goingup\", \"user1.elevator.neutral\", \"user1.getin\", \"user1.elevator.goingdown\", \"user1.GoFloorOUT\", \"user1.ExitSystem\", \"user1.giveup\", \"user1.final\"]'),(55,'[[0, 1, 0, 0, 0, 0, 0, 0, 0, 0, 0, 0, 0, 0, 0, 0], [0, 0, 1, 1, 1, 0, 0, 0, 0, 0, 0, 0, 0, 0, 0, 0], [0, 0, 0, 0, 0, 0, 0, 0, 0, 0, 0, 0, 0, 0, 0, 0], [0, 0, 0, 0, 0, 0, 0, 0, 0, 0, 0, 0, 0, 0, 0, 0], [0, 0, 0, 0, 0, 1, 0, 0, 0, 0, 0, 0, 0, 0, 0, 0], [0, 0, 0, 0, 0, 0, 0, 0, 0, 0, 0, 0, 0, 0, 0, 0], [0, 0, 0, 0, 0, 0, 0, 0, 0, 0, 0, 0, 0, 0, 0, 0], [0, 0, 0, 0, 0, 0, 0, 0, 0, 0, 0, 0, 0, 0, 0, 0], [0, 0, 0, 0, 0, 0, 0, 0, 0, 0, 0, 0, 0, 0, 0, 0], [0, 0, 0, 0, 0, 0, 0, 0, 0, 0, 0, 0, 0, 0, 0, 0], [0, 0, 0, 0, 0, 0, 0, 0, 0, 0, 0, 0, 0, 0, 0, 0], [0, 0, 0, 0, 0, 0, 0, 0, 0, 0, 0, 0, 0, 0, 0, 0], [0, 0, 0, 0, 0, 0, 0, 0, 0, 0, 0, 0, 0, 0, 0, 0], [0, 0, 0, 0, 0, 0, 0, 0, 0, 0, 0, 0, 0, 0, 0, 1], [0, 0, 0, 0, 0, 0, 0, 0, 0, 0, 0, 0, 0, 0, 0, 0], [0, 0, 0, 0, 0, 0, 0, 0, 0, 0, 0, 0, 0, 0, 0, 0]]','[\"user1.Initial\", \"user1.ArriveFloorIN\", \"user1.waiting\", \"user1.elevator\", \"user1.elevator.Initial\", \"user1.elevator.callreceived\", \"user1.elevator.decision\", \"user1.elevator.decision.Initial\", \"user1.elevator.goingup\", \"user1.elevator.neutral\", \"user1.getin\", \"user1.elevator.goingdown\", \"user1.GoFloorOUT\", \"user1.ExitSystem\", \"user1.giveup\", \"user1.final\"]'),(56,'[[0, 1, 0, 0, 0, 0, 0, 0, 0, 0, 0, 0, 0, 0, 0, 0], [0, 0, 1, 1, 0, 0, 0, 0, 0, 0, 0, 0, 0, 0, 0, 0], [0, 0, 0, 0, 0, 0, 0, 0, 0, 0, 0, 0, 0, 0, 0, 0], [0, 0, 0, 0, 0, 0, 0, 0, 0, 0, 0, 0, 0, 0, 0, 0], [0, 0, 0, 0, 0, 1, 0, 0, 0, 0, 0, 0, 0, 0, 0, 0], [0, 0, 0, 0, 0, 0, 1, 1, 0, 0, 0, 0, 0, 0, 0, 0], [0, 0, 0, 0, 0, 0, 0, 0, 0, 0, 0, 0, 0, 0, 0, 0], [0, 0, 0, 0, 0, 0, 0, 0, 1, 0, 0, 0, 0, 0, 0, 0], [0, 0, 0, 0, 0, 0, 0, 0, 1, 1, 0, 0, 0, 0, 0, 0], [0, 0, 0, 0, 0, 0, 0, 0, 0, 4, 1, 0, 1, 0, 0, 0], [0, 0, 0, 0, 0, 0, 0, 0, 0, 0, 1, 1, 0, 0, 0, 0], [0, 0, 0, 0, 0, 0, 0, 0, 0, 1, 0, 3, 0, 0, 0, 0], [0, 0, 0, 0, 0, 0, 0, 0, 0, 0, 0, 0, 0, 1, 0, 0], [0, 0, 0, 0, 0, 0, 0, 0, 0, 0, 0, 0, 0, 0, 0, 1], [0, 0, 0, 0, 0, 0, 0, 0, 0, 0, 0, 0, 0, 0, 0, 0], [0, 0, 0, 0, 0, 0, 0, 0, 0, 0, 0, 0, 0, 0, 0, 0]]','[\"user1.Initial\", \"user1.ArriveFloorIN\", \"user1.waiting\", \"user1.elevator\", \"user1.elevator.Initial\", \"user1.elevator.callreceived\", \"user1.elevator.decision\", \"user1.elevator.decision.Initial\", \"user1.elevator.goingup\", \"user1.elevator.neutral\", \"user1.getin\", \"user1.elevator.goingdown\", \"user1.GoFloorOUT\", \"user1.ExitSystem\", \"user1.giveup\", \"user1.final\"]'),(57,'[[0, 1, 0, 0, 0, 0, 0, 0, 0, 0, 0, 0, 0, 0, 0, 0], [0, 0, 1, 1, 0, 0, 0, 0, 0, 0, 0, 0, 0, 0, 0, 0], [0, 0, 0, 0, 0, 0, 0, 0, 0, 0, 0, 0, 0, 0, 0, 0], [0, 0, 0, 0, 0, 0, 0, 0, 0, 0, 0, 0, 0, 0, 0, 0], [0, 0, 0, 0, 0, 1, 0, 0, 0, 0, 0, 0, 0, 0, 0, 0], [0, 0, 0, 0, 0, 0, 1, 0, 0, 0, 0, 0, 0, 0, 0, 0], [0, 0, 0, 0, 0, 0, 0, 0, 0, 0, 0, 0, 0, 0, 0, 0], [0, 0, 0, 0, 0, 0, 0, 0, 1, 0, 0, 0, 0, 0, 0, 0], [0, 0, 0, 0, 0, 0, 0, 0, 1, 1, 0, 0, 0, 0, 0, 0], [0, 0, 0, 0, 0, 0, 0, 0, 0, 3, 1, 0, 1, 0, 0, 0], [0, 0, 0, 0, 0, 0, 0, 0, 0, 0, 1, 1, 0, 0, 0, 0], [0, 0, 0, 0, 0, 0, 0, 0, 0, 1, 0, 3, 0, 0, 0, 0], [0, 0, 0, 0, 0, 0, 0, 0, 0, 0, 0, 0, 0, 1, 0, 0], [0, 0, 0, 0, 0, 0, 0, 0, 0, 0, 0, 0, 0, 0, 0, 1], [0, 0, 0, 0, 0, 0, 0, 0, 0, 0, 0, 0, 0, 0, 0, 0], [0, 0, 0, 0, 0, 0, 0, 0, 0, 0, 0, 0, 0, 0, 0, 0]]','[\"user1.Initial\", \"user1.ArriveFloorIN\", \"user1.waiting\", \"user1.elevator\", \"user1.elevator.Initial\", \"user1.elevator.callreceived\", \"user1.elevator.decision\", \"user1.elevator.decision.Initial\", \"user1.elevator.goingup\", \"user1.elevator.neutral\", \"user1.getin\", \"user1.elevator.goingdown\", \"user1.GoFloorOUT\", \"user1.ExitSystem\", \"user1.giveup\", \"user1.final\"]'),(58,'[[0, 1, 0, 0, 0, 0, 0, 0, 0, 0, 0, 0, 0, 0, 0, 0], [0, 0, 1, 1, 1, 0, 0, 0, 0, 0, 0, 0, 0, 0, 0, 0], [0, 0, 0, 0, 0, 0, 0, 0, 0, 0, 0, 0, 0, 0, 0, 0], [0, 0, 0, 0, 0, 0, 0, 0, 0, 0, 0, 0, 0, 0, 0, 0], [0, 0, 0, 0, 0, 1, 0, 0, 0, 0, 0, 0, 0, 0, 0, 0], [0, 0, 0, 0, 0, 0, 1, 1, 0, 0, 0, 0, 0, 0, 0, 0], [0, 0, 0, 0, 0, 0, 0, 0, 0, 0, 0, 0, 0, 0, 0, 0], [0, 0, 0, 0, 0, 0, 0, 0, 1, 0, 0, 0, 0, 0, 0, 0], [0, 0, 0, 0, 0, 0, 0, 0, 0, 0, 0, 0, 0, 0, 0, 0], [0, 0, 0, 0, 0, 0, 0, 0, 0, 0, 0, 0, 0, 0, 0, 0], [0, 0, 0, 0, 0, 0, 0, 0, 0, 0, 0, 0, 0, 0, 0, 0], [0, 0, 0, 0, 0, 0, 0, 0, 0, 0, 0, 0, 0, 0, 0, 0], [0, 0, 0, 0, 0, 0, 0, 0, 0, 0, 0, 0, 0, 1, 0, 0], [0, 0, 0, 0, 0, 0, 0, 0, 0, 0, 0, 0, 0, 0, 0, 1], [0, 0, 0, 0, 0, 0, 0, 0, 0, 0, 0, 0, 0, 0, 0, 0], [0, 0, 0, 0, 0, 0, 0, 0, 0, 0, 0, 0, 0, 0, 0, 0]]','[\"user1.Initial\", \"user1.ArriveFloorIN\", \"user1.waiting\", \"user1.elevator\", \"user1.elevator.Initial\", \"user1.elevator.callreceived\", \"user1.elevator.decision\", \"user1.elevator.decision.Initial\", \"user1.elevator.goingup\", \"user1.elevator.neutral\", \"user1.getin\", \"user1.elevator.goingdown\", \"user1.GoFloorOUT\", \"user1.ExitSystem\", \"user1.giveup\", \"user1.final\"]'),(59,'[[0, 1, 0, 0, 0, 0, 0, 0, 0, 0, 0, 0, 0, 0, 0, 0], [0, 0, 1, 1, 1, 0, 0, 0, 0, 0, 0, 0, 0, 0, 0, 0], [0, 0, 0, 0, 0, 0, 0, 0, 0, 0, 0, 0, 0, 0, 0, 0], [0, 0, 0, 0, 0, 0, 0, 0, 0, 0, 0, 0, 0, 0, 0, 0], [0, 0, 0, 0, 0, 1, 0, 0, 0, 0, 0, 0, 0, 0, 0, 0], [0, 0, 0, 0, 0, 0, 1, 1, 0, 0, 0, 0, 0, 0, 0, 0], [0, 0, 0, 0, 0, 0, 0, 0, 0, 0, 0, 0, 0, 0, 0, 0], [0, 0, 0, 0, 0, 0, 0, 0, 0, 0, 0, 0, 0, 0, 0, 0], [0, 0, 0, 0, 0, 0, 0, 0, 0, 0, 0, 0, 0, 0, 0, 0], [0, 0, 0, 0, 0, 0, 0, 0, 0, 0, 0, 0, 0, 0, 0, 0], [0, 0, 0, 0, 0, 0, 0, 0, 0, 0, 0, 0, 0, 0, 0, 0], [0, 0, 0, 0, 0, 0, 0, 0, 0, 0, 0, 0, 0, 0, 0, 0], [0, 0, 0, 0, 0, 0, 0, 0, 0, 0, 0, 0, 0, 0, 0, 0], [0, 0, 0, 0, 0, 0, 0, 0, 0, 0, 0, 0, 0, 0, 0, 1], [0, 0, 0, 0, 0, 0, 0, 0, 0, 0, 0, 0, 0, 0, 0, 0], [0, 0, 0, 0, 0, 0, 0, 0, 0, 0, 0, 0, 0, 0, 0, 0]]','[\"user1.Initial\", \"user1.ArriveFloorIN\", \"user1.waiting\", \"user1.elevator\", \"user1.elevator.Initial\", \"user1.elevator.callreceived\", \"user1.elevator.decision\", \"user1.elevator.decision.Initial\", \"user1.elevator.goingup\", \"user1.elevator.neutral\", \"user1.getin\", \"user1.elevator.goingdown\", \"user1.GoFloorOUT\", \"user1.ExitSystem\", \"user1.giveup\", \"user1.final\"]'),(60,'[[0, 1, 0, 0, 0, 0, 0, 0, 0, 0, 0, 0, 0, 0, 0, 0], [0, 0, 0, 0, 0, 0, 0, 0, 0, 0, 0, 0, 0, 0, 0, 0], [0, 0, 0, 0, 0, 0, 0, 0, 0, 0, 0, 0, 0, 0, 0, 0], [0, 0, 0, 0, 0, 0, 0, 0, 0, 0, 0, 0, 0, 0, 0, 0], [0, 0, 0, 0, 0, 0, 0, 0, 0, 0, 0, 0, 0, 0, 0, 0], [0, 0, 0, 0, 0, 0, 0, 0, 0, 0, 0, 0, 0, 0, 0, 0], [0, 0, 0, 0, 0, 0, 0, 0, 0, 0, 0, 0, 0, 0, 0, 0], [0, 0, 0, 0, 0, 0, 0, 0, 0, 0, 0, 0, 0, 0, 0, 0], [0, 0, 0, 0, 0, 0, 0, 0, 0, 0, 0, 0, 0, 0, 0, 0], [0, 0, 0, 0, 0, 0, 0, 0, 0, 0, 0, 0, 0, 0, 0, 0], [0, 0, 0, 0, 0, 0, 0, 0, 0, 0, 0, 0, 0, 0, 0, 0], [0, 0, 0, 0, 0, 0, 0, 0, 0, 0, 0, 0, 0, 0, 0, 0], [0, 0, 0, 0, 0, 0, 0, 0, 0, 0, 0, 0, 0, 1, 0, 0], [0, 0, 0, 0, 0, 0, 0, 0, 0, 0, 0, 0, 0, 0, 0, 1], [0, 0, 0, 0, 0, 0, 0, 0, 0, 0, 0, 0, 0, 0, 0, 0], [0, 0, 0, 0, 0, 0, 0, 0, 0, 0, 0, 0, 0, 0, 0, 0]]','[\"user1.Initial\", \"user1.ArriveFloorIN\", \"user1.waiting\", \"user1.elevator\", \"user1.elevator.Initial\", \"user1.elevator.callreceived\", \"user1.elevator.decision\", \"user1.elevator.decision.Initial\", \"user1.elevator.goingup\", \"user1.elevator.neutral\", \"user1.getin\", \"user1.elevator.goingdown\", \"user1.GoFloorOUT\", \"user1.ExitSystem\", \"user1.giveup\", \"user1.final\"]'),(61,'[[0, 1, 0, 0, 0, 0, 0, 0, 0, 0, 0, 0, 0, 0, 0, 0], [0, 0, 1, 1, 1, 0, 0, 0, 0, 0, 0, 0, 0, 0, 0, 0], [0, 0, 0, 0, 0, 0, 0, 0, 0, 0, 0, 0, 0, 0, 0, 0], [0, 0, 0, 0, 0, 0, 0, 0, 0, 0, 0, 0, 0, 0, 0, 0], [0, 0, 0, 0, 0, 1, 0, 0, 0, 0, 0, 0, 0, 0, 0, 0], [0, 0, 0, 0, 0, 0, 0, 0, 0, 0, 0, 0, 0, 0, 0, 0], [0, 0, 0, 0, 0, 0, 0, 0, 0, 0, 0, 0, 0, 0, 0, 0], [0, 0, 0, 0, 0, 0, 0, 0, 0, 0, 0, 0, 0, 0, 0, 0], [0, 0, 0, 0, 0, 0, 0, 0, 0, 0, 0, 0, 0, 0, 0, 0], [0, 0, 0, 0, 0, 0, 0, 0, 0, 0, 0, 0, 0, 0, 0, 0], [0, 0, 0, 0, 0, 0, 0, 0, 0, 0, 0, 0, 0, 0, 0, 0], [0, 0, 0, 0, 0, 0, 0, 0, 0, 0, 0, 0, 0, 0, 0, 0], [0, 0, 0, 0, 0, 0, 0, 0, 0, 0, 0, 0, 0, 0, 0, 0], [0, 0, 0, 0, 0, 0, 0, 0, 0, 0, 0, 0, 0, 0, 0, 1], [0, 0, 0, 0, 0, 0, 0, 0, 0, 0, 0, 0, 0, 0, 0, 0], [0, 0, 0, 0, 0, 0, 0, 0, 0, 0, 0, 0, 0, 0, 0, 0]]','[\"user1.Initial\", \"user1.ArriveFloorIN\", \"user1.waiting\", \"user1.elevator\", \"user1.elevator.Initial\", \"user1.elevator.callreceived\", \"user1.elevator.decision\", \"user1.elevator.decision.Initial\", \"user1.elevator.goingup\", \"user1.elevator.neutral\", \"user1.getin\", \"user1.elevator.goingdown\", \"user1.GoFloorOUT\", \"user1.ExitSystem\", \"user1.giveup\", \"user1.final\"]'),(62,'[[0, 1, 0, 0, 0, 0, 0, 0, 0, 0, 0, 0, 0, 0, 0, 0], [0, 0, 1, 1, 1, 0, 0, 0, 0, 0, 0, 0, 0, 0, 0, 0], [0, 0, 0, 0, 0, 0, 0, 0, 0, 0, 0, 0, 0, 0, 0, 0], [0, 0, 0, 0, 0, 0, 0, 0, 0, 0, 0, 0, 0, 0, 0, 0], [0, 0, 0, 0, 0, 1, 0, 0, 0, 0, 0, 0, 0, 0, 0, 0], [0, 0, 0, 0, 0, 0, 1, 1, 0, 0, 0, 0, 0, 0, 0, 0], [0, 0, 0, 0, 0, 0, 0, 0, 0, 0, 0, 0, 0, 0, 0, 0], [0, 0, 0, 0, 0, 0, 0, 0, 1, 0, 0, 0, 0, 0, 0, 0], [0, 0, 0, 0, 0, 0, 0, 0, 1, 1, 0, 0, 0, 0, 0, 0], [0, 0, 0, 0, 0, 0, 0, 0, 0, 4, 1, 0, 1, 0, 0, 0], [0, 0, 0, 0, 0, 0, 0, 0, 0, 0, 1, 1, 0, 0, 0, 0], [0, 0, 0, 0, 0, 0, 0, 0, 0, 1, 0, 3, 0, 0, 0, 0], [0, 0, 0, 0, 0, 0, 0, 0, 0, 0, 0, 0, 0, 1, 0, 0], [0, 0, 0, 0, 0, 0, 0, 0, 0, 0, 0, 0, 0, 0, 0, 1], [0, 0, 0, 0, 0, 0, 0, 0, 0, 0, 0, 0, 0, 0, 0, 0], [0, 0, 0, 0, 0, 0, 0, 0, 0, 0, 0, 0, 0, 0, 0, 0]]','[\"user1.Initial\", \"user1.ArriveFloorIN\", \"user1.waiting\", \"user1.elevator\", \"user1.elevator.Initial\", \"user1.elevator.callreceived\", \"user1.elevator.decision\", \"user1.elevator.decision.Initial\", \"user1.elevator.goingup\", \"user1.elevator.neutral\", \"user1.getin\", \"user1.elevator.goingdown\", \"user1.GoFloorOUT\", \"user1.ExitSystem\", \"user1.giveup\", \"user1.final\"]'),(63,'[[0, 1, 0, 0, 0, 0, 0, 0, 0, 0, 0, 0, 0, 0, 0, 0], [0, 0, 1, 1, 1, 0, 0, 0, 0, 0, 0, 0, 0, 0, 0, 0], [0, 0, 0, 0, 0, 0, 0, 0, 0, 0, 0, 0, 0, 0, 0, 0], [0, 0, 0, 0, 0, 0, 0, 0, 0, 0, 0, 0, 0, 0, 0, 0], [0, 0, 0, 0, 0, 0, 0, 0, 0, 0, 0, 0, 0, 0, 0, 0], [0, 0, 0, 0, 0, 0, 0, 0, 0, 0, 0, 0, 0, 0, 0, 0], [0, 0, 0, 0, 0, 0, 0, 0, 0, 0, 0, 0, 0, 0, 0, 0], [0, 0, 0, 0, 0, 0, 0, 0, 0, 0, 0, 0, 0, 0, 0, 0], [0, 0, 0, 0, 0, 0, 0, 0, 0, 0, 0, 0, 0, 0, 0, 0], [0, 0, 0, 0, 0, 0, 0, 0, 0, 0, 0, 0, 0, 0, 0, 0], [0, 0, 0, 0, 0, 0, 0, 0, 0, 0, 0, 0, 0, 0, 0, 0], [0, 0, 0, 0, 0, 0, 0, 0, 0, 0, 0, 0, 0, 0, 0, 0], [0, 0, 0, 0, 0, 0, 0, 0, 0, 0, 0, 0, 0, 0, 0, 0], [0, 0, 0, 0, 0, 0, 0, 0, 0, 0, 0, 0, 0, 0, 0, 0], [0, 0, 0, 0, 0, 0, 0, 0, 0, 0, 0, 0, 0, 0, 0, 0], [0, 0, 0, 0, 0, 0, 0, 0, 0, 0, 0, 0, 0, 0, 0, 0]]','[\"user1.Initial\", \"user1.ArriveFloorIN\", \"user1.waiting\", \"user1.elevator\", \"user1.elevator.Initial\", \"user1.elevator.callreceived\", \"user1.elevator.decision\", \"user1.elevator.decision.Initial\", \"user1.elevator.goingup\", \"user1.elevator.neutral\", \"user1.getin\", \"user1.elevator.goingdown\", \"user1.GoFloorOUT\", \"user1.ExitSystem\", \"user1.giveup\", \"user1.final\"]'),(64,'[[0, 1, 0, 0, 0, 0, 0, 0, 0, 0, 0, 0, 0, 0, 0, 0], [0, 0, 1, 1, 1, 0, 0, 0, 0, 0, 0, 0, 0, 0, 0, 0], [0, 0, 0, 0, 0, 0, 0, 0, 0, 0, 0, 0, 0, 0, 0, 0], [0, 0, 0, 0, 0, 0, 0, 0, 0, 0, 0, 0, 0, 0, 0, 0], [0, 0, 0, 0, 0, 1, 0, 0, 0, 0, 0, 0, 0, 0, 0, 0], [0, 0, 0, 0, 0, 0, 0, 0, 0, 0, 0, 0, 0, 0, 0, 0], [0, 0, 0, 0, 0, 0, 0, 0, 0, 0, 0, 0, 0, 0, 0, 0], [0, 0, 0, 0, 0, 0, 0, 0, 0, 0, 0, 0, 0, 0, 0, 0], [0, 0, 0, 0, 0, 0, 0, 0, 0, 0, 0, 0, 0, 0, 0, 0], [0, 0, 0, 0, 0, 0, 0, 0, 0, 0, 0, 0, 0, 0, 0, 0], [0, 0, 0, 0, 0, 0, 0, 0, 0, 0, 0, 0, 0, 0, 0, 0], [0, 0, 0, 0, 0, 0, 0, 0, 0, 0, 0, 0, 0, 0, 0, 0], [0, 0, 0, 0, 0, 0, 0, 0, 0, 0, 0, 0, 0, 1, 0, 0], [0, 0, 0, 0, 0, 0, 0, 0, 0, 0, 0, 0, 0, 0, 0, 1], [0, 0, 0, 0, 0, 0, 0, 0, 0, 0, 0, 0, 0, 0, 0, 0], [0, 0, 0, 0, 0, 0, 0, 0, 0, 0, 0, 0, 0, 0, 0, 0]]','[\"user1.Initial\", \"user1.ArriveFloorIN\", \"user1.waiting\", \"user1.elevator\", \"user1.elevator.Initial\", \"user1.elevator.callreceived\", \"user1.elevator.decision\", \"user1.elevator.decision.Initial\", \"user1.elevator.goingup\", \"user1.elevator.neutral\", \"user1.getin\", \"user1.elevator.goingdown\", \"user1.GoFloorOUT\", \"user1.ExitSystem\", \"user1.giveup\", \"user1.final\"]'),(65,'[[0, 1, 0, 0, 0, 0, 0, 0, 0, 0, 0, 0, 0, 0, 0, 0], [0, 0, 0, 0, 0, 0, 0, 0, 0, 0, 0, 0, 0, 0, 0, 0], [0, 0, 0, 0, 0, 0, 0, 0, 0, 0, 0, 0, 0, 0, 0, 0], [0, 0, 0, 0, 0, 0, 0, 0, 0, 0, 0, 0, 0, 0, 0, 0], [0, 0, 0, 0, 0, 0, 0, 0, 0, 0, 0, 0, 0, 0, 0, 0], [0, 0, 0, 0, 0, 0, 0, 0, 0, 0, 0, 0, 0, 0, 0, 0], [0, 0, 0, 0, 0, 0, 0, 0, 0, 0, 0, 0, 0, 0, 0, 0], [0, 0, 0, 0, 0, 0, 0, 0, 0, 0, 0, 0, 0, 0, 0, 0], [0, 0, 0, 0, 0, 0, 0, 0, 0, 0, 0, 0, 0, 0, 0, 0], [0, 0, 0, 0, 0, 0, 0, 0, 0, 1, 0, 0, 1, 0, 0, 0], [0, 0, 0, 0, 0, 0, 0, 0, 0, 0, 0, 0, 0, 0, 0, 0], [0, 0, 0, 0, 0, 0, 0, 0, 0, 0, 0, 0, 0, 0, 0, 0], [0, 0, 0, 0, 0, 0, 0, 0, 0, 0, 0, 0, 0, 1, 0, 0], [0, 0, 0, 0, 0, 0, 0, 0, 0, 0, 0, 0, 0, 0, 0, 1], [0, 0, 0, 0, 0, 0, 0, 0, 0, 0, 0, 0, 0, 0, 0, 0], [0, 0, 0, 0, 0, 0, 0, 0, 0, 0, 0, 0, 0, 0, 0, 0]]','[\"user1.Initial\", \"user1.ArriveFloorIN\", \"user1.waiting\", \"user1.elevator\", \"user1.elevator.Initial\", \"user1.elevator.callreceived\", \"user1.elevator.decision\", \"user1.elevator.decision.Initial\", \"user1.elevator.goingup\", \"user1.elevator.neutral\", \"user1.getin\", \"user1.elevator.goingdown\", \"user1.GoFloorOUT\", \"user1.ExitSystem\", \"user1.giveup\", \"user1.final\"]'),(66,'[[0, 1, 0, 0, 0, 0, 0, 0, 0, 0, 0, 0, 0, 0, 0, 0], [0, 0, 1, 1, 1, 0, 0, 0, 0, 0, 0, 0, 0, 0, 0, 0], [0, 0, 0, 0, 0, 0, 0, 0, 0, 0, 0, 0, 0, 0, 0, 0], [0, 0, 0, 0, 0, 0, 0, 0, 0, 0, 0, 0, 0, 0, 0, 0], [0, 0, 0, 0, 0, 1, 0, 0, 0, 0, 0, 0, 0, 0, 0, 0], [0, 0, 0, 0, 0, 0, 0, 0, 0, 0, 0, 0, 0, 0, 0, 0], [0, 0, 0, 0, 0, 0, 0, 0, 0, 0, 0, 0, 0, 0, 0, 0], [0, 0, 0, 0, 0, 0, 0, 0, 0, 0, 0, 0, 0, 0, 0, 0], [0, 0, 0, 0, 0, 0, 0, 0, 0, 0, 0, 0, 0, 0, 0, 0], [0, 0, 0, 0, 0, 0, 0, 0, 0, 0, 0, 0, 0, 0, 0, 0], [0, 0, 0, 0, 0, 0, 0, 0, 0, 0, 0, 0, 0, 0, 0, 0], [0, 0, 0, 0, 0, 0, 0, 0, 0, 0, 0, 0, 0, 0, 0, 0], [0, 0, 0, 0, 0, 0, 0, 0, 0, 0, 0, 0, 0, 1, 0, 0], [0, 0, 0, 0, 0, 0, 0, 0, 0, 0, 0, 0, 0, 0, 0, 1], [0, 0, 0, 0, 0, 0, 0, 0, 0, 0, 0, 0, 0, 0, 0, 0], [0, 0, 0, 0, 0, 0, 0, 0, 0, 0, 0, 0, 0, 0, 0, 0]]','[\"user1.Initial\", \"user1.ArriveFloorIN\", \"user1.waiting\", \"user1.elevator\", \"user1.elevator.Initial\", \"user1.elevator.callreceived\", \"user1.elevator.decision\", \"user1.elevator.decision.Initial\", \"user1.elevator.goingup\", \"user1.elevator.neutral\", \"user1.getin\", \"user1.elevator.goingdown\", \"user1.GoFloorOUT\", \"user1.ExitSystem\", \"user1.giveup\", \"user1.final\"]'),(67,'[[0, 1, 0, 0, 0, 0, 0, 0, 0, 0, 0, 0, 0, 0, 0, 0], [0, 0, 1, 1, 1, 0, 0, 0, 0, 0, 0, 0, 0, 0, 0, 0], [0, 0, 0, 0, 0, 0, 0, 0, 0, 0, 0, 0, 0, 0, 0, 0], [0, 0, 0, 0, 0, 0, 0, 0, 0, 0, 0, 0, 0, 0, 0, 0], [0, 0, 0, 0, 0, 1, 0, 0, 0, 0, 0, 0, 0, 0, 0, 0], [0, 0, 0, 0, 0, 0, 1, 1, 0, 0, 0, 0, 0, 0, 0, 0], [0, 0, 0, 0, 0, 0, 0, 0, 0, 0, 0, 0, 0, 0, 0, 0], [0, 0, 0, 0, 0, 0, 0, 0, 0, 0, 0, 0, 0, 0, 0, 0], [0, 0, 0, 0, 0, 0, 0, 0, 0, 0, 0, 0, 0, 0, 0, 0], [0, 0, 0, 0, 0, 0, 0, 0, 0, 0, 0, 0, 0, 0, 0, 0], [0, 0, 0, 0, 0, 0, 0, 0, 0, 0, 0, 0, 0, 0, 0, 0], [0, 0, 0, 0, 0, 0, 0, 0, 0, 0, 0, 0, 0, 0, 0, 0], [0, 0, 0, 0, 0, 0, 0, 0, 0, 0, 0, 0, 0, 1, 0, 0], [0, 0, 0, 0, 0, 0, 0, 0, 0, 0, 0, 0, 0, 0, 0, 1], [0, 0, 0, 0, 0, 0, 0, 0, 0, 0, 0, 0, 0, 0, 0, 0], [0, 0, 0, 0, 0, 0, 0, 0, 0, 0, 0, 0, 0, 0, 0, 0]]','[\"user1.Initial\", \"user1.ArriveFloorIN\", \"user1.waiting\", \"user1.elevator\", \"user1.elevator.Initial\", \"user1.elevator.callreceived\", \"user1.elevator.decision\", \"user1.elevator.decision.Initial\", \"user1.elevator.goingup\", \"user1.elevator.neutral\", \"user1.getin\", \"user1.elevator.goingdown\", \"user1.GoFloorOUT\", \"user1.ExitSystem\", \"user1.giveup\", \"user1.final\"]'),(68,'[[0, 1, 0, 0, 0, 0, 0, 0, 0, 0, 0, 0, 0, 0, 0, 0], [0, 0, 1, 1, 1, 0, 0, 0, 0, 0, 0, 0, 0, 0, 0, 0], [0, 0, 0, 0, 0, 0, 0, 0, 0, 0, 0, 0, 0, 0, 0, 0], [0, 0, 0, 0, 0, 0, 0, 0, 0, 0, 0, 0, 0, 0, 0, 0], [0, 0, 0, 0, 0, 0, 0, 0, 0, 0, 0, 0, 0, 0, 0, 0], [0, 0, 0, 0, 0, 0, 0, 0, 0, 0, 0, 0, 0, 0, 0, 0], [0, 0, 0, 0, 0, 0, 0, 0, 0, 0, 0, 0, 0, 0, 0, 0], [0, 0, 0, 0, 0, 0, 0, 0, 0, 0, 0, 0, 0, 0, 0, 0], [0, 0, 0, 0, 0, 0, 0, 0, 0, 0, 0, 0, 0, 0, 0, 0], [0, 0, 0, 0, 0, 0, 0, 0, 0, 0, 0, 0, 1, 0, 0, 0], [0, 0, 0, 0, 0, 0, 0, 0, 0, 0, 0, 0, 0, 0, 0, 0], [0, 0, 0, 0, 0, 0, 0, 0, 0, 0, 0, 0, 0, 0, 0, 0], [0, 0, 0, 0, 0, 0, 0, 0, 0, 0, 0, 0, 0, 1, 0, 0], [0, 0, 0, 0, 0, 0, 0, 0, 0, 0, 0, 0, 0, 0, 0, 1], [0, 0, 0, 0, 0, 0, 0, 0, 0, 0, 0, 0, 0, 0, 0, 0], [0, 0, 0, 0, 0, 0, 0, 0, 0, 0, 0, 0, 0, 0, 0, 0]]','[\"user1.Initial\", \"user1.ArriveFloorIN\", \"user1.waiting\", \"user1.elevator\", \"user1.elevator.Initial\", \"user1.elevator.callreceived\", \"user1.elevator.decision\", \"user1.elevator.decision.Initial\", \"user1.elevator.goingup\", \"user1.elevator.neutral\", \"user1.getin\", \"user1.elevator.goingdown\", \"user1.GoFloorOUT\", \"user1.ExitSystem\", \"user1.giveup\", \"user1.final\"]'),(69,'[[0, 1, 0, 0, 0, 0, 0, 0, 0, 0, 0, 0, 0, 0, 0, 0], [0, 0, 1, 1, 1, 0, 0, 0, 0, 0, 0, 0, 0, 0, 0, 0], [0, 0, 0, 0, 0, 0, 0, 0, 0, 0, 0, 0, 0, 0, 0, 0], [0, 0, 0, 0, 0, 0, 0, 0, 0, 0, 0, 0, 0, 0, 0, 0], [0, 0, 0, 0, 0, 1, 0, 0, 0, 0, 0, 0, 0, 0, 0, 0], [0, 0, 0, 0, 0, 0, 1, 1, 0, 0, 0, 0, 0, 0, 0, 0], [0, 0, 0, 0, 0, 0, 0, 0, 0, 0, 0, 0, 0, 0, 0, 0], [0, 0, 0, 0, 0, 0, 0, 0, 1, 0, 0, 0, 0, 0, 0, 0], [0, 0, 0, 0, 0, 0, 0, 0, 1, 1, 0, 0, 0, 0, 0, 0], [0, 0, 0, 0, 0, 0, 0, 0, 0, 2, 1, 0, 0, 0, 0, 0], [0, 0, 0, 0, 0, 0, 0, 0, 0, 0, 0, 0, 0, 0, 0, 0], [0, 0, 0, 0, 0, 0, 0, 0, 0, 0, 0, 0, 0, 0, 0, 0], [0, 0, 0, 0, 0, 0, 0, 0, 0, 0, 0, 0, 0, 0, 0, 0], [0, 0, 0, 0, 0, 0, 0, 0, 0, 0, 0, 0, 0, 0, 0, 0], [0, 0, 0, 0, 0, 0, 0, 0, 0, 0, 0, 0, 0, 0, 0, 0], [0, 0, 0, 0, 0, 0, 0, 0, 0, 0, 0, 0, 0, 0, 0, 0]]','[\"user1.Initial\", \"user1.ArriveFloorIN\", \"user1.waiting\", \"user1.elevator\", \"user1.elevator.Initial\", \"user1.elevator.callreceived\", \"user1.elevator.decision\", \"user1.elevator.decision.Initial\", \"user1.elevator.goingup\", \"user1.elevator.neutral\", \"user1.getin\", \"user1.elevator.goingdown\", \"user1.GoFloorOUT\", \"user1.ExitSystem\", \"user1.giveup\", \"user1.final\"]'),(70,'[[0, 1, 0, 0, 0, 0, 0, 0, 0, 0, 0, 0, 0, 0, 0, 0], [0, 0, 1, 1, 1, 0, 0, 0, 0, 0, 0, 0, 0, 0, 0, 0], [0, 0, 0, 0, 0, 0, 0, 0, 0, 0, 0, 0, 0, 0, 0, 0], [0, 0, 0, 0, 0, 0, 0, 0, 0, 0, 0, 0, 0, 0, 0, 0], [0, 0, 0, 0, 0, 1, 0, 0, 0, 0, 0, 0, 0, 0, 0, 0], [0, 0, 0, 0, 0, 0, 1, 1, 0, 0, 0, 0, 0, 0, 0, 0], [0, 0, 0, 0, 0, 0, 0, 0, 0, 0, 0, 0, 0, 0, 0, 0], [0, 0, 0, 0, 0, 0, 0, 0, 1, 0, 0, 0, 0, 0, 0, 0], [0, 0, 0, 0, 0, 0, 0, 0, 1, 1, 0, 0, 0, 0, 0, 0], [0, 0, 0, 0, 0, 0, 0, 0, 0, 2, 1, 0, 0, 0, 0, 0], [0, 0, 0, 0, 0, 0, 0, 0, 0, 0, 0, 0, 0, 0, 0, 0], [0, 0, 0, 0, 0, 0, 0, 0, 0, 0, 0, 0, 0, 0, 0, 0], [0, 0, 0, 0, 0, 0, 0, 0, 0, 0, 0, 0, 0, 0, 0, 0], [0, 0, 0, 0, 0, 0, 0, 0, 0, 0, 0, 0, 0, 0, 0, 0], [0, 0, 0, 0, 0, 0, 0, 0, 0, 0, 0, 0, 0, 0, 0, 0], [0, 0, 0, 0, 0, 0, 0, 0, 0, 0, 0, 0, 0, 0, 0, 0]]','[\"user1.Initial\", \"user1.ArriveFloorIN\", \"user1.waiting\", \"user1.elevator\", \"user1.elevator.Initial\", \"user1.elevator.callreceived\", \"user1.elevator.decision\", \"user1.elevator.decision.Initial\", \"user1.elevator.goingup\", \"user1.elevator.neutral\", \"user1.getin\", \"user1.elevator.goingdown\", \"user1.GoFloorOUT\", \"user1.ExitSystem\", \"user1.giveup\", \"user1.final\"]'),(71,'[[0, 1, 0, 0, 0, 0, 0, 0, 0, 0, 0, 0, 0, 0, 0, 0], [0, 0, 1, 1, 1, 0, 0, 0, 0, 0, 0, 0, 0, 0, 0, 0], [0, 0, 0, 0, 0, 0, 0, 0, 0, 0, 0, 0, 0, 0, 0, 0], [0, 0, 0, 0, 0, 0, 0, 0, 0, 0, 0, 0, 0, 0, 0, 0], [0, 0, 0, 0, 0, 1, 0, 0, 0, 0, 0, 0, 0, 0, 0, 0], [0, 0, 0, 0, 0, 0, 1, 1, 0, 0, 0, 0, 0, 0, 0, 0], [0, 0, 0, 0, 0, 0, 0, 0, 0, 0, 0, 0, 0, 0, 0, 0], [0, 0, 0, 0, 0, 0, 0, 0, 1, 0, 0, 0, 0, 0, 0, 0], [0, 0, 0, 0, 0, 0, 0, 0, 1, 1, 0, 0, 0, 0, 0, 0], [0, 0, 0, 0, 0, 0, 0, 0, 0, 2, 1, 0, 0, 0, 0, 0], [0, 0, 0, 0, 0, 0, 0, 0, 0, 0, 0, 0, 0, 0, 0, 0], [0, 0, 0, 0, 0, 0, 0, 0, 0, 0, 0, 0, 0, 0, 0, 0], [0, 0, 0, 0, 0, 0, 0, 0, 0, 0, 0, 0, 0, 1, 0, 0], [0, 0, 0, 0, 0, 0, 0, 0, 0, 0, 0, 0, 0, 0, 0, 1], [0, 0, 0, 0, 0, 0, 0, 0, 0, 0, 0, 0, 0, 0, 0, 0], [0, 0, 0, 0, 0, 0, 0, 0, 0, 0, 0, 0, 0, 0, 0, 0]]','[\"user1.Initial\", \"user1.ArriveFloorIN\", \"user1.waiting\", \"user1.elevator\", \"user1.elevator.Initial\", \"user1.elevator.callreceived\", \"user1.elevator.decision\", \"user1.elevator.decision.Initial\", \"user1.elevator.goingup\", \"user1.elevator.neutral\", \"user1.getin\", \"user1.elevator.goingdown\", \"user1.GoFloorOUT\", \"user1.ExitSystem\", \"user1.giveup\", \"user1.final\"]'),(72,'[[0, 1, 0, 0, 0, 0, 0, 0, 0, 0, 0, 0, 0, 0, 0, 0], [0, 0, 1, 1, 1, 0, 0, 0, 0, 0, 0, 0, 0, 0, 0, 0], [0, 0, 0, 0, 0, 0, 0, 0, 0, 0, 0, 0, 0, 0, 0, 0], [0, 0, 0, 0, 0, 0, 0, 0, 0, 0, 0, 0, 0, 0, 0, 0], [0, 0, 0, 0, 0, 1, 0, 0, 0, 0, 0, 0, 0, 0, 0, 0], [0, 0, 0, 0, 0, 0, 1, 1, 0, 0, 0, 0, 0, 0, 0, 0], [0, 0, 0, 0, 0, 0, 0, 0, 0, 0, 0, 0, 0, 0, 0, 0], [0, 0, 0, 0, 0, 0, 0, 0, 1, 0, 0, 0, 0, 0, 0, 0], [0, 0, 0, 0, 0, 0, 0, 0, 1, 1, 0, 0, 0, 0, 0, 0], [0, 0, 0, 0, 0, 0, 0, 0, 0, 2, 0, 0, 1, 0, 0, 0], [0, 0, 0, 0, 0, 0, 0, 0, 0, 0, 0, 0, 0, 0, 0, 0], [0, 0, 0, 0, 0, 0, 0, 0, 0, 0, 0, 0, 0, 0, 0, 0], [0, 0, 0, 0, 0, 0, 0, 0, 0, 0, 0, 0, 0, 1, 0, 0], [0, 0, 0, 0, 0, 0, 0, 0, 0, 0, 0, 0, 0, 0, 0, 1], [0, 0, 0, 0, 0, 0, 0, 0, 0, 0, 0, 0, 0, 0, 0, 0], [0, 0, 0, 0, 0, 0, 0, 0, 0, 0, 0, 0, 0, 0, 0, 0]]','[\"user1.Initial\", \"user1.ArriveFloorIN\", \"user1.waiting\", \"user1.elevator\", \"user1.elevator.Initial\", \"user1.elevator.callreceived\", \"user1.elevator.decision\", \"user1.elevator.decision.Initial\", \"user1.elevator.goingup\", \"user1.elevator.neutral\", \"user1.getin\", \"user1.elevator.goingdown\", \"user1.GoFloorOUT\", \"user1.ExitSystem\", \"user1.giveup\", \"user1.final\"]');
/*!40000 ALTER TABLE `tbl_viz_heatmaps` ENABLE KEYS */;
UNLOCK TABLES;
/*!40103 SET TIME_ZONE=@OLD_TIME_ZONE */;

/*!40101 SET SQL_MODE=@OLD_SQL_MODE */;
/*!40014 SET FOREIGN_KEY_CHECKS=@OLD_FOREIGN_KEY_CHECKS */;
/*!40014 SET UNIQUE_CHECKS=@OLD_UNIQUE_CHECKS */;
/*!40101 SET CHARACTER_SET_CLIENT=@OLD_CHARACTER_SET_CLIENT */;
/*!40101 SET CHARACTER_SET_RESULTS=@OLD_CHARACTER_SET_RESULTS */;
/*!40101 SET COLLATION_CONNECTION=@OLD_COLLATION_CONNECTION */;
/*!40111 SET SQL_NOTES=@OLD_SQL_NOTES */;

-- Dump completed on 2023-07-07  2:45:42
-- MySQL dump 10.13  Distrib 8.0.18, for Win64 (x86_64)
--
-- Host: localhost    Database: smartdelta__pcd
-- ------------------------------------------------------
-- Server version	8.0.18

/*!40101 SET @OLD_CHARACTER_SET_CLIENT=@@CHARACTER_SET_CLIENT */;
/*!40101 SET @OLD_CHARACTER_SET_RESULTS=@@CHARACTER_SET_RESULTS */;
/*!40101 SET @OLD_COLLATION_CONNECTION=@@COLLATION_CONNECTION */;
/*!50503 SET NAMES utf8 */;
/*!40103 SET @OLD_TIME_ZONE=@@TIME_ZONE */;
/*!40103 SET TIME_ZONE='+00:00' */;
/*!40014 SET @OLD_UNIQUE_CHECKS=@@UNIQUE_CHECKS, UNIQUE_CHECKS=0 */;
/*!40014 SET @OLD_FOREIGN_KEY_CHECKS=@@FOREIGN_KEY_CHECKS, FOREIGN_KEY_CHECKS=0 */;
/*!40101 SET @OLD_SQL_MODE=@@SQL_MODE, SQL_MODE='NO_AUTO_VALUE_ON_ZERO' */;
/*!40111 SET @OLD_SQL_NOTES=@@SQL_NOTES, SQL_NOTES=0 */;

--
-- Table structure for table `tbl_viz_qualitymetrics`
--

DROP TABLE IF EXISTS `tbl_viz_qualitymetrics`;
/*!40101 SET @saved_cs_client     = @@character_set_client */;
/*!50503 SET character_set_client = utf8mb4 */;
CREATE TABLE `tbl_viz_qualitymetrics` (
  `fileid` int(11) DEFAULT NULL,
  `changerate` int(11) DEFAULT NULL,
  `filesize` decimal(10,2) DEFAULT NULL,
  KEY `fileid` (`fileid`),
  CONSTRAINT `tbl_viz_qualitymetrics_ibfk_1` FOREIGN KEY (`fileid`) REFERENCES `tbl_ex_fileinfo` (`fileid`) ON DELETE CASCADE ON UPDATE RESTRICT
) ENGINE=InnoDB DEFAULT CHARSET=utf8mb4 COLLATE=utf8mb4_0900_ai_ci;
/*!40101 SET character_set_client = @saved_cs_client */;

--
-- Dumping data for table `tbl_viz_qualitymetrics`
--

LOCK TABLES `tbl_viz_qualitymetrics` WRITE;
/*!40000 ALTER TABLE `tbl_viz_qualitymetrics` DISABLE KEYS */;
INSERT INTO `tbl_viz_qualitymetrics` VALUES (1,NULL,1.17),(2,NULL,1.09),(3,NULL,0.44),(4,NULL,1.17),(5,NULL,0.62),(6,NULL,0.62),(7,NULL,0.69),(8,NULL,0.69),(9,NULL,0.27),(10,NULL,0.07),(11,NULL,0.27),(12,NULL,0.14),(13,NULL,0.22),(14,NULL,0.18),(15,NULL,0.13),(16,NULL,0.22),(17,NULL,0.27),(18,NULL,0.27),(19,NULL,0.35),(20,NULL,0.17),(21,NULL,0.98),(22,NULL,0.69),(23,NULL,1.02),(24,NULL,0.24),(25,NULL,0.83),(26,NULL,0.96),(27,NULL,0.89),(28,NULL,0.79),(29,NULL,1.17),(30,NULL,0.81),(31,NULL,1.08),(32,NULL,1.04),(33,NULL,0.96),(34,NULL,1.07),(35,NULL,1.03),(36,NULL,0.97),(37,NULL,0.49),(38,NULL,1.11),(39,NULL,0.97),(40,NULL,1.09),(41,NULL,0.40),(42,NULL,1.15),(43,NULL,1.14),(44,NULL,0.03),(45,NULL,0.03),(46,NULL,0.07),(47,NULL,0.21),(48,NULL,0.92),(49,NULL,0.10),(50,NULL,0.24),(51,NULL,0.44),(52,NULL,0.12),(53,NULL,0.28),(54,NULL,0.15),(55,NULL,0.21),(56,NULL,1.15),(57,NULL,1.09),(58,NULL,0.42),(59,NULL,0.31),(60,NULL,0.10),(61,NULL,0.21),(62,NULL,1.17),(63,NULL,0.12),(64,NULL,0.24),(65,NULL,0.19),(66,NULL,0.24),(67,NULL,0.35),(68,NULL,0.25),(69,NULL,0.62),(70,NULL,0.62),(71,NULL,0.69),(72,NULL,0.69);
/*!40000 ALTER TABLE `tbl_viz_qualitymetrics` ENABLE KEYS */;
UNLOCK TABLES;
/*!40103 SET TIME_ZONE=@OLD_TIME_ZONE */;

/*!40101 SET SQL_MODE=@OLD_SQL_MODE */;
/*!40014 SET FOREIGN_KEY_CHECKS=@OLD_FOREIGN_KEY_CHECKS */;
/*!40014 SET UNIQUE_CHECKS=@OLD_UNIQUE_CHECKS */;
/*!40101 SET CHARACTER_SET_CLIENT=@OLD_CHARACTER_SET_CLIENT */;
/*!40101 SET CHARACTER_SET_RESULTS=@OLD_CHARACTER_SET_RESULTS */;
/*!40101 SET COLLATION_CONNECTION=@OLD_COLLATION_CONNECTION */;
/*!40111 SET SQL_NOTES=@OLD_SQL_NOTES */;

-- Dump completed on 2023-07-07  2:45:42
-- MySQL dump 10.13  Distrib 8.0.18, for Win64 (x86_64)
--
-- Host: localhost    Database: smartdelta__pcd
-- ------------------------------------------------------
-- Server version	8.0.18

/*!40101 SET @OLD_CHARACTER_SET_CLIENT=@@CHARACTER_SET_CLIENT */;
/*!40101 SET @OLD_CHARACTER_SET_RESULTS=@@CHARACTER_SET_RESULTS */;
/*!40101 SET @OLD_COLLATION_CONNECTION=@@COLLATION_CONNECTION */;
/*!50503 SET NAMES utf8 */;
/*!40103 SET @OLD_TIME_ZONE=@@TIME_ZONE */;
/*!40103 SET TIME_ZONE='+00:00' */;
/*!40014 SET @OLD_UNIQUE_CHECKS=@@UNIQUE_CHECKS, UNIQUE_CHECKS=0 */;
/*!40014 SET @OLD_FOREIGN_KEY_CHECKS=@@FOREIGN_KEY_CHECKS, FOREIGN_KEY_CHECKS=0 */;
/*!40101 SET @OLD_SQL_MODE=@@SQL_MODE, SQL_MODE='NO_AUTO_VALUE_ON_ZERO' */;
/*!40111 SET @OLD_SQL_NOTES=@@SQL_NOTES, SQL_NOTES=0 */;

--
-- Table structure for table `tbl_viz_seqdiagram`
--

DROP TABLE IF EXISTS `tbl_viz_seqdiagram`;
/*!40101 SET @saved_cs_client     = @@character_set_client */;
/*!50503 SET character_set_client = utf8mb4 */;
CREATE TABLE `tbl_viz_seqdiagram` (
  `fileid` int(11) DEFAULT NULL,
  `mmd` longtext,
  `svgimg` blob,
  KEY `fileid` (`fileid`),
  CONSTRAINT `tbl_viz_seqdiagram_ibfk_1` FOREIGN KEY (`fileid`) REFERENCES `tbl_ex_fileinfo` (`fileid`) ON DELETE CASCADE ON UPDATE RESTRICT
) ENGINE=InnoDB DEFAULT CHARSET=utf8mb4 COLLATE=utf8mb4_0900_ai_ci;
/*!40101 SET character_set_client = @saved_cs_client */;

--
-- Dumping data for table `tbl_viz_seqdiagram`
--

LOCK TABLES `tbl_viz_seqdiagram` WRITE;
/*!40000 ALTER TABLE `tbl_viz_seqdiagram` DISABLE KEYS */;
INSERT INTO `tbl_viz_seqdiagram` VALUES (1,'sequenceDiagram \nnote over user1:ArriveFloorIN\nuser1->>elevator:CallUp\nnote over elevator:callreceived\nelevator->>decision:CallDecision\ndecision->>elevator:AnyCalls\nelevator->>elevator:GoUpaFloor\nelevator->>elevator:ReachFloor\nelevator->>elevator:OpenDoors\nelevator->>user1:AllowPassengers\nuser1->>elevator:CallCar\nelevator->>elevator:CloseDoors\nelevator->>elevator:StartMove\nelevator->>elevator:GoDownaFloor\nelevator->>elevator:ReachFloor\nelevator->>elevator:OpenDoors\nelevator->>user1:AllowPassengers\nnote over user1:ExitSystem\n',NULL),(2,'sequenceDiagram \nnote over user1:ArriveFloorIN\nuser1->>elevator:CallUp\nnote over elevator:callreceived\nelevator->>decision:CallDecision\ndecision->>elevator:AnyCalls\nelevator->>elevator:GoUpaFloor\nelevator->>elevator:ReachFloor\nelevator->>elevator:OpenDoors\nelevator->>user1:AllowPassengers\nuser1->>elevator:CallCar\nelevator->>elevator:CloseDoors\nelevator->>elevator:StartMove\nelevator->>elevator:GoDownaFloor\nelevator->>elevator:ReachFloor\nelevator->>elevator:OpenDoors\nelevator->>elevator:AllowPassengers\n',NULL),(3,'sequenceDiagram \nnote over user1:ArriveFloorIN\nuser1->>elevator:CallUp\nnote over elevator:callreceived\nelevator->>decision:CallDecision\ndecision->>elevator:AnyCalls\nelevator->>elevator:GoUpaFloor\nnote over user1:giveup\n',NULL),(4,'sequenceDiagram \nnote over user1:ArriveFloorIN\nuser1->>elevator:CallUp\nnote over elevator:callreceived\nelevator->>decision:CallDecision\ndecision->>elevator:AnyCalls\nelevator->>elevator:GoUpaFloor\nelevator->>elevator:ReachFloor\nelevator->>elevator:OpenDoors\nelevator->>user1:AllowPassengers\nuser1->>elevator:CallCar\nelevator->>elevator:CloseDoors\nelevator->>elevator:StartMove\nelevator->>elevator:GoDownaFloor\nelevator->>elevator:ReachFloor\nelevator->>elevator:OpenDoors\nelevator->>user1:AllowPassengers\nnote over user1:ExitSystem\n',NULL),(5,'sequenceDiagram \nnote over user1:ArriveFloorIN\nuser1->>elevator:CallUp\nnote over elevator:callreceived\nelevator->>decision:CallDecision\ndecision->>elevator:AnyCalls\nelevator->>elevator:GoUpaFloor\nelevator->>elevator:ReachFloor\nelevator->>elevator:OpenDoors\nelevator->>user1:AllowPassengers\n',NULL),(6,'sequenceDiagram \nnote over user1:ArriveFloorIN\nuser1->>elevator:CallUp\nnote over elevator:callreceived\nelevator->>decision:CallDecision\ndecision->>elevator:AnyCalls\nelevator->>elevator:GoUpaFloor\nelevator->>elevator:ReachFloor\nelevator->>elevator:OpenDoors\nelevator->>user1:AllowPassengers\n',NULL),(7,'sequenceDiagram \nnote over user1:ArriveFloorIN\nuser1->>elevator:CallUp\nnote over elevator:callreceived\nelevator->>decision:CallDecision\ndecision->>elevator:AnyCalls\nelevator->>elevator:GoUpaFloor\nelevator->>elevator:ReachFloor\nelevator->>elevator:OpenDoors\nelevator->>user1:AllowPassengers\nnote over user1:ExitSystem\n',NULL),(8,'sequenceDiagram \nnote over user1:ArriveFloorIN\nuser1->>elevator:CallUp\nnote over elevator:callreceived\nelevator->>decision:CallDecision\ndecision->>elevator:AnyCalls\nelevator->>elevator:GoUpaFloor\nelevator->>elevator:ReachFloor\nelevator->>elevator:OpenDoors\nelevator->>user1:AllowPassengers\nnote over user1:ExitSystem\n',NULL),(9,'sequenceDiagram \nnote over calculator:on\nnote over on:operand1\nnote over on:opEntered\nnote over on:operand2\n',NULL),(10,'sequenceDiagram \nnote over calculator:on\n',NULL),(11,'sequenceDiagram \nnote over calculator:on\nnote over on:operand1\nnote over on:opEntered\nnote over on:operand2\n',NULL),(12,'sequenceDiagram \nnote over calculator:on\nnote over on:operand2\n',NULL),(13,'sequenceDiagram \nnote over calculator:on\nnote over on:operand1\nnote over on:opEntered\nnote over on:operand2\n',NULL),(14,'sequenceDiagram \nnote over calculator:on\nnote over on:operand1\n',NULL),(15,'sequenceDiagram \nnote over calculator:on\n',NULL),(16,'sequenceDiagram \nnote over calculator:on\nnote over on:operand1\nnote over on:opEntered\n',NULL),(17,'sequenceDiagram \nnote over calculator:on\nnote over on:operand1\nnote over on:opEntered\nnote over on:operand2\n',NULL),(18,'sequenceDiagram \nnote over calculator:on\nnote over on:operand1\nnote over on:opEntered\nnote over on:operand2\n',NULL),(19,'sequenceDiagram \nnote over user1:ArriveFloorIN\nuser1->>elevator:CallUp\nnote over elevator:callreceived\nelevator->>decision:CallDecision\nnote over user1:ExitSystem\n',NULL),(20,'sequenceDiagram \nnote over user1:ArriveFloorIN\nuser1->>elevator:CallUp\nnote over elevator:callreceived\n',NULL),(21,'sequenceDiagram \nnote over user1:ArriveFloorIN\nuser1->>elevator:CallUp\nnote over elevator:callreceived\nelevator->>decision:CallDecision\ndecision->>elevator:AnyCalls\nelevator->>user1:AllowPassengers\nuser1->>elevator:CallCar\nelevator->>elevator:CloseDoors\nelevator->>elevator:StartMove\nelevator->>elevator:GoDownaFloor\nelevator->>elevator:ReachFloor\nelevator->>elevator:OpenDoors\nelevator->>user1:AllowPassengers\nnote over user1:ExitSystem\n',NULL),(22,'sequenceDiagram \nnote over user1:ArriveFloorIN\nuser1->>elevator:CallUp\nnote over elevator:callreceived\nelevator->>elevator:CallDecision\nelevator->>elevator:StartMove\nelevator->>elevator:GoDownaFloor\nelevator->>elevator:ReachFloor\nelevator->>elevator:OpenDoors\nelevator->>user1:AllowPassengers\nnote over user1:ExitSystem\n',NULL),(23,'sequenceDiagram \nnote over user1:ArriveFloorIN\nuser1->>elevator:CallUp\nnote over elevator:callreceived\nelevator->>decision:CallDecision\ndecision->>elevator:AnyCalls\nelevator->>elevator:GoUpaFloor\nelevator->>elevator:ReachFloor\nelevator->>elevator:OpenDoors\nelevator->>user1:AllowPassengers\nuser1->>elevator:CallCar\nelevator->>elevator:CloseDoors\nelevator->>elevator:StartMove\nelevator->>elevator:GoDownaFloor\nelevator->>elevator:ReachFloor\nnote over user1:ExitSystem\n',NULL),(24,'sequenceDiagram \nnote over user1:ArriveFloorIN\nuser1->>elevator:CallUp\nnote over elevator:callreceived\nnote over user1:ExitSystem\n',NULL),(25,'sequenceDiagram \nnote over user1:ArriveFloorIN\nuser1->>elevator:CallUp\nnote over elevator:callreceived\nelevator->>decision:CallDecision\ndecision->>elevator:AnyCalls\nelevator->>elevator:CloseDoors\nelevator->>elevator:StartMove\nelevator->>elevator:GoDownaFloor\nelevator->>elevator:ReachFloor\nelevator->>elevator:OpenDoors\nelevator->>user1:AllowPassengers\nnote over user1:ExitSystem\n',NULL),(26,'sequenceDiagram \nnote over user1:ArriveFloorIN\nuser1->>elevator:CallUp\nnote over elevator:callreceived\nelevator->>decision:CallDecision\ndecision->>elevator:AnyCalls\nelevator->>elevator:GoUpaFloor\nelevator->>elevator:ReachFloor\nelevator->>elevator:OpenDoors\nelevator->>user1:AllowPassengers\nuser1->>elevator:CallCar\nelevator->>elevator:CloseDoors\nelevator->>elevator:StartMove\nelevator->>elevator:GoDownaFloor\nnote over user1:ExitSystem\n',NULL),(27,'sequenceDiagram \nnote over user1:ArriveFloorIN\nuser1->>elevator:CallUp\nnote over elevator:callreceived\nelevator->>decision:CallDecision\ndecision->>elevator:AnyCalls\nelevator->>elevator:GoUpaFloor\nelevator->>elevator:ReachFloor\nelevator->>elevator:OpenDoors\nelevator->>user1:AllowPassengers\nuser1->>elevator:CallCar\nelevator->>elevator:CloseDoors\nelevator->>elevator:StartMove\nnote over user1:ExitSystem\n',NULL),(28,'sequenceDiagram \nnote over user1:ArriveFloorIN\nuser1->>elevator:CallUp\nnote over elevator:callreceived\nelevator->>decision:CallDecision\ndecision->>elevator:AnyCalls\nelevator->>elevator:GoUpaFloor\nelevator->>elevator:ReachFloor\nelevator->>elevator:OpenDoors\nelevator->>user1:AllowPassengers\nuser1->>elevator:CallCar\nelevator->>elevator:CloseDoors\nnote over user1:ExitSystem\n',NULL),(29,'sequenceDiagram \nnote over user1:ArriveFloorIN\nuser1->>elevator:CallUp\nnote over elevator:callreceived\nelevator->>decision:CallDecision\ndecision->>elevator:AnyCalls\nelevator->>elevator:GoUpaFloor\nelevator->>elevator:ReachFloor\nelevator->>elevator:OpenDoors\nelevator->>user1:AllowPassengers\nuser1->>elevator:CallCar\nelevator->>elevator:CloseDoors\nelevator->>elevator:StartMove\nelevator->>elevator:GoDownaFloor\nelevator->>elevator:ReachFloor\nelevator->>elevator:OpenDoors\nelevator->>user1:AllowPassengers\nnote over user1:ExitSystem\n',NULL),(30,'sequenceDiagram \nnote over user1:ArriveFloorIN\nuser1->>elevator:CallUp\nnote over elevator:callreceived\nelevator->>user1:AllowPassengers\nuser1->>elevator:CallCar\nelevator->>elevator:CloseDoors\nelevator->>elevator:StartMove\nelevator->>elevator:GoDownaFloor\nelevator->>elevator:ReachFloor\nelevator->>elevator:OpenDoors\nelevator->>user1:AllowPassengers\nnote over user1:ExitSystem\n',NULL),(31,'sequenceDiagram \nnote over user1:ArriveFloorIN\nuser1->>elevator:CallUp\nelevator->>decision:CallDecision\ndecision->>elevator:AnyCalls\nelevator->>elevator:GoUpaFloor\nelevator->>elevator:ReachFloor\nelevator->>elevator:OpenDoors\nelevator->>user1:AllowPassengers\nuser1->>elevator:CallCar\nelevator->>elevator:CloseDoors\nelevator->>elevator:StartMove\nelevator->>elevator:GoDownaFloor\nelevator->>elevator:ReachFloor\nelevator->>elevator:OpenDoors\nelevator->>user1:AllowPassengers\n',NULL),(32,'sequenceDiagram \nnote over user1:ArriveFloorIN\nuser1->>elevator:CallUp\nnote over elevator:callreceived\nelevator->>decision:CallDecision\ndecision->>elevator:AnyCalls\nelevator->>elevator:GoUpaFloor\nelevator->>elevator:ReachFloor\nelevator->>elevator:OpenDoors\nelevator->>user1:AllowPassengers\nuser1->>elevator:CallCar\nelevator->>elevator:CloseDoors\nelevator->>elevator:StartMove\nelevator->>elevator:OpenDoors\nelevator->>user1:AllowPassengers\nnote over user1:ExitSystem\n',NULL),(33,'sequenceDiagram \nnote over user1:ArriveFloorIN\nuser1->>elevator:CallUp\nnote over elevator:callreceived\nelevator->>decision:CallDecision\ndecision->>elevator:AnyCalls\nelevator->>elevator:GoUpaFloor\nelevator->>elevator:ReachFloor\nelevator->>elevator:OpenDoors\nelevator->>user1:AllowPassengers\nuser1->>elevator:CallCar\nelevator->>elevator:CloseDoors\nelevator->>elevator:StartMove\nelevator->>elevator:GoDownaFloor\nnote over user1:ExitSystem\n',NULL),(34,'sequenceDiagram \nnote over user1:ArriveFloorIN\nuser1->>decision:CallUp\nnote over elevator:callreceived\ndecision->>elevator:AnyCalls\nelevator->>elevator:GoUpaFloor\nelevator->>elevator:ReachFloor\nelevator->>elevator:OpenDoors\nelevator->>user1:AllowPassengers\nuser1->>elevator:CallCar\nelevator->>elevator:CloseDoors\nelevator->>elevator:StartMove\nelevator->>elevator:GoDownaFloor\nelevator->>elevator:ReachFloor\nelevator->>elevator:OpenDoors\nelevator->>user1:AllowPassengers\nnote over user1:ExitSystem\n',NULL),(35,'sequenceDiagram \nnote over user1:ArriveFloorIN\nuser1->>elevator:CallUp\nnote over elevator:callreceived\nelevator->>decision:CallDecision\ndecision->>elevator:AnyCalls\nelevator->>elevator:GoUpaFloor\nelevator->>user1:ReachFloor\nuser1->>elevator:CallCar\nelevator->>elevator:CloseDoors\nelevator->>elevator:StartMove\nelevator->>elevator:GoDownaFloor\nelevator->>elevator:ReachFloor\nelevator->>elevator:OpenDoors\nelevator->>user1:AllowPassengers\nnote over user1:ExitSystem\n',NULL),(36,'sequenceDiagram \nnote over user1:ArriveFloorIN\nuser1->>elevator:CallUp\nnote over elevator:callreceived\nelevator->>decision:CallDecision\ndecision->>elevator:AnyCalls\nelevator->>elevator:GoUpaFloor\nelevator->>elevator:ReachFloor\nelevator->>elevator:OpenDoors\nelevator->>user1:AllowPassengers\nelevator->>elevator:GoDownaFloor\nelevator->>elevator:ReachFloor\nelevator->>elevator:OpenDoors\nelevator->>user1:AllowPassengers\nnote over user1:ExitSystem\n',NULL),(37,'sequenceDiagram \nelevator->>elevator:OpenDoors\nelevator->>user1:AllowPassengers\nelevator->>elevator:GoDownaFloor\nelevator->>elevator:ReachFloor\nelevator->>elevator:OpenDoors\nelevator->>user1:AllowPassengers\nnote over user1:ExitSystem\n',NULL),(38,'sequenceDiagram \nnote over user1:ArriveFloorIN\nuser1->>elevator:CallUp\nnote over elevator:callreceived\nelevator->>decision:CallDecision\ndecision->>elevator:AnyCalls\nelevator->>elevator:GoUpaFloor\nelevator->>elevator:ReachFloor\nelevator->>user1:AllowPassengers\nuser1->>elevator:CallCar\nelevator->>elevator:CloseDoors\nelevator->>elevator:StartMove\nelevator->>elevator:GoDownaFloor\nelevator->>elevator:ReachFloor\nelevator->>elevator:OpenDoors\nelevator->>user1:AllowPassengers\nnote over user1:ExitSystem\n',NULL),(39,'sequenceDiagram \nnote over user1:ArriveFloorIN\nuser1->>elevator:CallUp\nnote over elevator:callreceived\nelevator->>decision:CallDecision\nelevator->>elevator:OpenDoors\nelevator->>user1:AllowPassengers\nuser1->>elevator:CallCar\nelevator->>elevator:CloseDoors\nelevator->>elevator:StartMove\nelevator->>elevator:GoDownaFloor\nelevator->>elevator:ReachFloor\nelevator->>elevator:OpenDoors\nelevator->>user1:AllowPassengers\nnote over user1:ExitSystem\n',NULL),(40,'sequenceDiagram \nnote over user1:ArriveFloorIN\nuser1->>elevator:CallUp\nnote over elevator:callreceived\nelevator->>decision:CallDecision\ndecision->>elevator:AnyCalls\nelevator->>elevator:GoUpaFloor\nelevator->>elevator:ReachFloor\nelevator->>elevator:OpenDoors\nelevator->>user1:AllowPassengers\nuser1->>elevator:CallCar\nelevator->>elevator:CloseDoors\nelevator->>elevator:StartMove\nelevator->>elevator:GoDownaFloor\nelevator->>elevator:ReachFloor\nelevator->>elevator:OpenDoors\nelevator->>elevator:AllowPassengers\n',NULL),(41,'sequenceDiagram \nnote over user1:ArriveFloorIN\nuser1->>elevator:CallUp\nelevator->>elevator:ReachFloor\nelevator->>elevator:OpenDoors\nelevator->>user1:AllowPassengers\nnote over user1:ExitSystem\n',NULL),(42,'sequenceDiagram \nnote over user1:ArriveFloorIN\nuser1->>elevator:CallUp\nnote over elevator:callreceived\nelevator->>decision:CallDecision\ndecision->>elevator:AnyCalls\nelevator->>elevator:GoUpaFloor\nelevator->>elevator:ReachFloor\nelevator->>elevator:OpenDoors\nelevator->>user1:AllowPassengers\nuser1->>elevator:CallCar\nelevator->>elevator:CloseDoors\nelevator->>elevator:StartMove\nelevator->>elevator:GoDownaFloor\nelevator->>elevator:ReachFloor\nelevator->>elevator:OpenDoors\nelevator->>user1:AllowPassengers\nnote over user1:ExitSystem\n',NULL),(43,'sequenceDiagram \nnote over user1:ArriveFloorIN\nuser1->>elevator:CallUp\nnote over elevator:callreceived\nelevator->>decision:CallDecision\ndecision->>elevator:AnyCalls\nelevator->>elevator:GoUpaFloor\nelevator->>elevator:ReachFloor\nelevator->>elevator:OpenDoors\nelevator->>user1:AllowPassengers\nuser1->>elevator:CallCar\nelevator->>elevator:CloseDoors\nelevator->>elevator:StartMove\nelevator->>elevator:GoDownaFloor\nelevator->>elevator:ReachFloor\nelevator->>elevator:OpenDoors\nelevator->>user1:AllowPassengers\nnote over user1:ExitSystem\n',NULL),(44,'sequenceDiagram \nnote over user1:ArriveFloorIN\n',NULL),(45,'sequenceDiagram \n',NULL),(46,'sequenceDiagram \nnote over user1:ArriveFloorIN\n',NULL),(47,'sequenceDiagram \nnote over user1:ArriveFloorIN\nuser1->>elevator:CallUp\nnote over elevator:callreceived\n',NULL),(48,'sequenceDiagram \nnote over user1:ArriveFloorIN\nuser1->>elevator:CallUp\nnote over elevator:callreceived\nelevator->>decision:CallDecision\ndecision->>elevator:AnyCalls\nelevator->>elevator:GoUpaFloor\nelevator->>elevator:ReachFloor\nelevator->>elevator:OpenDoors\nelevator->>user1:AllowPassengers\nuser1->>elevator:CallCar\nelevator->>elevator:CloseDoors\nelevator->>elevator:StartMove\nelevator->>elevator:GoDownaFloor\n',NULL),(49,'sequenceDiagram \nnote over user1:ArriveFloorIN\nnote over user1:ExitSystem\n',NULL),(50,'sequenceDiagram \nnote over user1:ArriveFloorIN\nuser1->>elevator:CallUp\nnote over elevator:callreceived\nnote over user1:ExitSystem\n',NULL),(51,'sequenceDiagram \nnote over user1:ArriveFloorIN\nuser1->>elevator:CallUp\nnote over elevator:callreceived\nelevator->>decision:CallDecision\ndecision->>elevator:AnyCalls\nelevator->>elevator:GoUpaFloor\nnote over user1:giveup\n',NULL),(52,'sequenceDiagram \nnote over user1:ArriveFloorIN\nuser1->>elevator:CallUp\n',NULL),(53,'sequenceDiagram \nnote over user1:ArriveFloorIN\nuser1->>elevator:CallUp\nnote over elevator:callreceived\nelevator->>decision:CallDecision\n',NULL),(54,'sequenceDiagram \nnote over user1:ArriveFloorIN\nuser1->>elevator:CallUp\n',NULL),(55,'sequenceDiagram \nnote over user1:ArriveFloorIN\nuser1->>elevator:CallUp\nnote over elevator:callreceived\n',NULL),(56,'sequenceDiagram \nnote over user1:ArriveFloorIN\nuser1->>elevator:CallUp\nnote over elevator:callreceived\nelevator->>decision:CallDecision\ndecision->>elevator:AnyCalls\nelevator->>elevator:GoUpaFloor\nelevator->>elevator:ReachFloor\nelevator->>elevator:OpenDoors\nelevator->>user1:AllowPassengers\nuser1->>elevator:CallCar\nelevator->>elevator:CloseDoors\nelevator->>elevator:StartMove\nelevator->>elevator:GoDownaFloor\nelevator->>elevator:ReachFloor\nelevator->>elevator:OpenDoors\nelevator->>user1:AllowPassengers\nnote over user1:ExitSystem\n',NULL),(57,'sequenceDiagram \nnote over user1:ArriveFloorIN\nuser1->>elevator:CallUp\nnote over elevator:callreceived\nelevator->>decision:CallDecision\ndecision->>elevator:AnyCalls\nelevator->>elevator:GoUpaFloor\nelevator->>elevator:ReachFloor\nelevator->>elevator:OpenDoors\nelevator->>user1:AllowPassengers\nuser1->>elevator:CallCar\nelevator->>elevator:CloseDoors\nelevator->>elevator:StartMove\nelevator->>elevator:GoDownaFloor\nelevator->>elevator:ReachFloor\nelevator->>elevator:OpenDoors\nelevator->>user1:AllowPassengers\nnote over user1:ExitSystem\n',NULL),(58,'sequenceDiagram \nnote over user1:ArriveFloorIN\nuser1->>elevator:CallUp\nnote over elevator:callreceived\nelevator->>decision:CallDecision\ndecision->>elevator:AnyCalls\nnote over user1:ExitSystem\n',NULL),(59,'sequenceDiagram \nnote over user1:ArriveFloorIN\nuser1->>elevator:CallUp\nnote over elevator:callreceived\nelevator->>decision:CallDecision\n',NULL),(60,'sequenceDiagram \nnote over user1:ArriveFloorIN\nnote over user1:ExitSystem\n',NULL),(61,'sequenceDiagram \nnote over user1:ArriveFloorIN\nuser1->>elevator:CallUp\nnote over elevator:callreceived\n',NULL),(62,'sequenceDiagram \nnote over user1:ArriveFloorIN\nuser1->>elevator:CallUp\nnote over elevator:callreceived\nelevator->>decision:CallDecision\ndecision->>elevator:AnyCalls\nelevator->>elevator:GoUpaFloor\nelevator->>elevator:ReachFloor\nelevator->>elevator:OpenDoors\nelevator->>user1:AllowPassengers\nuser1->>elevator:CallCar\nelevator->>elevator:CloseDoors\nelevator->>elevator:StartMove\nelevator->>elevator:GoDownaFloor\nelevator->>elevator:ReachFloor\nelevator->>elevator:OpenDoors\nelevator->>user1:AllowPassengers\nnote over user1:ExitSystem\n',NULL),(63,'sequenceDiagram \nnote over user1:ArriveFloorIN\nuser1->>elevator:CallUp\n',NULL),(64,'sequenceDiagram \nnote over user1:ArriveFloorIN\nuser1->>elevator:CallUp\nnote over elevator:callreceived\nnote over user1:ExitSystem\n',NULL),(65,'sequenceDiagram \nnote over user1:ArriveFloorIN\nelevator->>user1:AllowPassengers\nnote over user1:ExitSystem\n',NULL),(66,'sequenceDiagram \nnote over user1:ArriveFloorIN\nuser1->>elevator:CallUp\nnote over elevator:callreceived\nnote over user1:ExitSystem\n',NULL),(67,'sequenceDiagram \nnote over user1:ArriveFloorIN\nuser1->>elevator:CallUp\nnote over elevator:callreceived\nelevator->>decision:CallDecision\nnote over user1:ExitSystem\n',NULL),(68,'sequenceDiagram \nnote over user1:ArriveFloorIN\nuser1->>elevator:CallUp\nelevator->>user1:AllowPassengers\nnote over user1:ExitSystem\n',NULL),(69,'sequenceDiagram \nnote over user1:ArriveFloorIN\nuser1->>elevator:CallUp\nnote over elevator:callreceived\nelevator->>decision:CallDecision\ndecision->>elevator:AnyCalls\nelevator->>elevator:GoUpaFloor\nelevator->>elevator:ReachFloor\nelevator->>elevator:OpenDoors\nelevator->>user1:AllowPassengers\n',NULL),(70,'sequenceDiagram \nnote over user1:ArriveFloorIN\nuser1->>elevator:CallUp\nnote over elevator:callreceived\nelevator->>decision:CallDecision\ndecision->>elevator:AnyCalls\nelevator->>elevator:GoUpaFloor\nelevator->>elevator:ReachFloor\nelevator->>elevator:OpenDoors\nelevator->>user1:AllowPassengers\n',NULL),(71,'sequenceDiagram \nnote over user1:ArriveFloorIN\nuser1->>elevator:CallUp\nnote over elevator:callreceived\nelevator->>decision:CallDecision\ndecision->>elevator:AnyCalls\nelevator->>elevator:GoUpaFloor\nelevator->>elevator:ReachFloor\nelevator->>elevator:OpenDoors\nelevator->>user1:AllowPassengers\nnote over user1:ExitSystem\n',NULL),(72,'sequenceDiagram \nnote over user1:ArriveFloorIN\nuser1->>elevator:CallUp\nnote over elevator:callreceived\nelevator->>decision:CallDecision\ndecision->>elevator:AnyCalls\nelevator->>elevator:GoUpaFloor\nelevator->>elevator:ReachFloor\nelevator->>elevator:OpenDoors\nelevator->>user1:AllowPassengers\nnote over user1:ExitSystem\n',NULL);
/*!40000 ALTER TABLE `tbl_viz_seqdiagram` ENABLE KEYS */;
UNLOCK TABLES;
/*!40103 SET TIME_ZONE=@OLD_TIME_ZONE */;

/*!40101 SET SQL_MODE=@OLD_SQL_MODE */;
/*!40014 SET FOREIGN_KEY_CHECKS=@OLD_FOREIGN_KEY_CHECKS */;
/*!40014 SET UNIQUE_CHECKS=@OLD_UNIQUE_CHECKS */;
/*!40101 SET CHARACTER_SET_CLIENT=@OLD_CHARACTER_SET_CLIENT */;
/*!40101 SET CHARACTER_SET_RESULTS=@OLD_CHARACTER_SET_RESULTS */;
/*!40101 SET COLLATION_CONNECTION=@OLD_COLLATION_CONNECTION */;
/*!40111 SET SQL_NOTES=@OLD_SQL_NOTES */;

-- Dump completed on 2023-07-07  2:45:41
-- MySQL dump 10.13  Distrib 8.0.18, for Win64 (x86_64)
--
-- Host: localhost    Database: smartdelta__pcd
-- ------------------------------------------------------
-- Server version	8.0.18

/*!40101 SET @OLD_CHARACTER_SET_CLIENT=@@CHARACTER_SET_CLIENT */;
/*!40101 SET @OLD_CHARACTER_SET_RESULTS=@@CHARACTER_SET_RESULTS */;
/*!40101 SET @OLD_COLLATION_CONNECTION=@@COLLATION_CONNECTION */;
/*!50503 SET NAMES utf8 */;
/*!40103 SET @OLD_TIME_ZONE=@@TIME_ZONE */;
/*!40103 SET TIME_ZONE='+00:00' */;
/*!40014 SET @OLD_UNIQUE_CHECKS=@@UNIQUE_CHECKS, UNIQUE_CHECKS=0 */;
/*!40014 SET @OLD_FOREIGN_KEY_CHECKS=@@FOREIGN_KEY_CHECKS, FOREIGN_KEY_CHECKS=0 */;
/*!40101 SET @OLD_SQL_MODE=@@SQL_MODE, SQL_MODE='NO_AUTO_VALUE_ON_ZERO' */;
/*!40111 SET @OLD_SQL_NOTES=@@SQL_NOTES, SQL_NOTES=0 */;

--
-- Table structure for table `tbl_viz_simheatmaps`
--

DROP TABLE IF EXISTS `tbl_viz_simheatmaps`;
/*!40101 SET @saved_cs_client     = @@character_set_client */;
/*!50503 SET character_set_client = utf8mb4 */;
CREATE TABLE `tbl_viz_simheatmaps` (
  `folderid` int(11) DEFAULT NULL,
  `data` longtext,
  `axisinfo` longtext,
  KEY `folderid_idx` (`folderid`),
  CONSTRAINT `_folderid` FOREIGN KEY (`folderid`) REFERENCES `tbl_ex_folderinfo` (`Folderid`)
) ENGINE=InnoDB DEFAULT CHARSET=utf8mb4 COLLATE=utf8mb4_0900_ai_ci;
/*!40101 SET character_set_client = @saved_cs_client */;

--
-- Dumping data for table `tbl_viz_simheatmaps`
--

LOCK TABLES `tbl_viz_simheatmaps` WRITE;
/*!40000 ALTER TABLE `tbl_viz_simheatmaps` DISABLE KEYS */;
INSERT INTO `tbl_viz_simheatmaps` VALUES (1,'[[1.0, 0.96, 0.44, 1.0, 0.76, 0.76, 0.79, 0.79], [0.96, 1.0, 0.46, 0.96, 0.79, 0.79, 0.74, 0.7], [0.44, 0.46, 1.0, 0.44, 0.73, 0.73, 0.69, 0.69], [1.0, 0.96, 0.44, 1.0, 0.76, 0.76, 0.79, 0.79], [0.76, 0.79, 0.73, 0.76, 1.0, 1.0, 0.94, 0.88], [0.76, 0.79, 0.73, 0.76, 1.0, 1.0, 0.94, 0.88], [0.79, 0.74, 0.69, 0.79, 0.94, 0.94, 1.0, 0.94], [0.79, 0.7, 0.69, 0.79, 0.88, 0.88, 0.94, 1.0]]','[\"elevator2.log\", \"elevator3.log\", \"elevator4.log\", \"elevator5.log\", \"elevator6.log\", \"elevator7.log\", \"elevator8.log\", \"elevator9.log\"]'),(2,'[[1.0, 0.53, 1.0, 0.38, 0.85, 0.68, 0.76, 0.93, 1.0, 1.0], [0.53, 1.0, 0.53, 0.71, 0.63, 0.63, 0.71, 0.58, 0.53, 0.53], [1.0, 0.53, 1.0, 0.38, 0.85, 0.68, 0.76, 0.93, 1.0, 1.0], [0.38, 0.71, 0.38, 1.0, 0.45, 0.45, 0.5, 0.41, 0.38, 0.38], [0.85, 0.63, 0.85, 0.45, 1.0, 0.6, 0.45, 0.73, 0.85, 0.85], [0.68, 0.63, 0.68, 0.45, 0.6, 1.0, 0.67, 0.73, 0.68, 0.68], [0.76, 0.71, 0.76, 0.5, 0.45, 0.67, 1.0, 0.82, 0.76, 0.76], [0.93, 0.58, 0.93, 0.41, 0.73, 0.73, 0.82, 1.0, 0.93, 0.93], [1.0, 0.53, 1.0, 0.38, 0.85, 0.68, 0.76, 0.93, 1.0, 1.0], [1.0, 0.53, 1.0, 0.38, 0.85, 0.68, 0.76, 0.93, 1.0, 1.0]]','[\"calc_log_1.log\", \"calc_log_10.log\", \"calc_log_2.log\", \"calc_log_3.log\", \"calc_log_4.log\", \"calc_log_5.log\", \"calc_log_6.log\", \"calc_log_7.log\", \"calc_log_8.log\", \"calc_log_9.log\"]'),(3,'[[1.0, 0.75, 0.52, 0.63, 0.56, 0.88, 0.6, 0.57, 0.63, 0.61, 0.46, 0.43, 0.37, 0.5, 0.57, 0.37, 0.56, 0.53, 0.14, 0.51, 0.48, 0.37, 0.58, 0.51, 0.42, 0.33, 0.33, 0.47, 0.82, 0.51, 0.58, 0.88, 0.74, 0.67, 0.88, 0.75, 0.82, 0.42, 0.41, 0.95, 0.94, 0.58, 0.82, 0.46, 0.67, 0.88, 0.45, 0.88, 1.0, 0.76, 0.6, 0.6, 0.73, 0.73], [0.75, 1.0, 0.39, 0.53, 0.42, 0.85, 0.45, 0.42, 0.47, 0.51, 0.35, 0.41, 0.28, 0.37, 0.42, 0.35, 0.42, 0.4, 0.0, 0.38, 0.36, 0.36, 0.52, 0.38, 0.35, 0.45, 0.0, 0.32, 0.91, 0.43, 0.26, 0.85, 0.71, 0.89, 0.85, 0.8, 0.91, 0.28, 0.31, 0.71, 0.79, 0.26, 0.91, 0.35, 0.89, 0.85, 0.2, 0.85, 0.75, 0.68, 0.58, 0.58, 0.54, 0.54], [0.52, 0.39, 1.0, 0.9, 0.94, 0.46, 0.94, 0.92, 0.91, 0.84, 0.97, 0.95, 0.94, 0.93, 0.92, 0.94, 0.94, 0.86, 0.74, 0.97, 0.98, 0.92, 0.7, 0.97, 0.95, 0.17, 0.17, 0.25, 0.43, 0.9, 0.3, 0.46, 0.44, 0.35, 0.46, 0.39, 0.43, 0.95, 0.94, 0.55, 0.49, 0.3, 0.43, 0.97, 0.35, 0.46, 0.54, 0.46, 0.52, 0.46, 0.67, 0.67, 0.72, 0.72], [0.63, 0.53, 0.9, 1.0, 0.83, 0.62, 0.94, 0.8, 0.79, 0.7, 0.87, 0.9, 0.82, 0.82, 0.8, 0.86, 0.88, 0.83, 0.7, 0.88, 0.91, 0.79, 0.82, 0.88, 0.88, 0.24, 0.24, 0.33, 0.58, 0.77, 0.41, 0.62, 0.45, 0.47, 0.53, 0.53, 0.58, 0.85, 0.86, 0.6, 0.58, 0.41, 0.58, 0.87, 0.47, 0.62, 0.63, 0.62, 0.63, 0.62, 0.61, 0.61, 0.69, 0.74], [0.56, 0.42, 0.94, 0.83, 1.0, 0.49, 0.89, 0.98, 0.97, 0.89, 0.95, 0.88, 0.91, 0.9, 0.98, 0.91, 0.97, 0.82, 0.59, 0.97, 0.89, 0.92, 0.59, 0.97, 0.93, 0.19, 0.19, 0.26, 0.45, 0.96, 0.32, 0.49, 0.53, 0.37, 0.49, 0.42, 0.45, 0.93, 0.94, 0.59, 0.53, 0.32, 0.45, 0.95, 0.37, 0.49, 0.42, 0.49, 0.56, 0.42, 0.72, 0.72, 0.77, 0.72], [0.88, 0.85, 0.46, 0.62, 0.49, 1.0, 0.53, 0.5, 0.55, 0.52, 0.41, 0.48, 0.3, 0.44, 0.5, 0.42, 0.49, 0.47, 0.16, 0.45, 0.42, 0.3, 0.65, 0.45, 0.41, 0.38, 0.38, 0.53, 0.93, 0.44, 0.65, 1.0, 0.6, 0.76, 0.71, 0.85, 0.93, 0.35, 0.39, 0.84, 0.8, 0.65, 0.93, 0.41, 0.76, 1.0, 0.51, 1.0, 0.88, 0.86, 0.49, 0.49, 0.64, 0.64], [0.6, 0.45, 0.94, 0.94, 0.89, 0.53, 1.0, 0.87, 0.83, 0.73, 0.89, 0.88, 0.85, 0.83, 0.87, 0.85, 0.93, 0.81, 0.64, 0.91, 0.9, 0.83, 0.69, 0.91, 0.87, 0.2, 0.2, 0.28, 0.49, 0.85, 0.35, 0.53, 0.51, 0.4, 0.53, 0.45, 0.49, 0.87, 0.87, 0.63, 0.57, 0.35, 0.49, 0.89, 0.4, 0.53, 0.54, 0.53, 0.6, 0.53, 0.62, 0.62, 0.68, 0.73], [0.57, 0.42, 0.92, 0.8, 0.98, 0.5, 0.87, 1.0, 0.99, 0.91, 0.93, 0.86, 0.9, 0.91, 1.0, 0.9, 0.95, 0.8, 0.56, 0.96, 0.88, 0.91, 0.55, 0.96, 0.91, 0.19, 0.19, 0.27, 0.46, 0.98, 0.33, 0.5, 0.54, 0.38, 0.5, 0.42, 0.46, 0.91, 0.92, 0.6, 0.53, 0.33, 0.46, 0.93, 0.38, 0.5, 0.42, 0.5, 0.57, 0.43, 0.73, 0.73, 0.78, 0.73], [0.63, 0.47, 0.91, 0.79, 0.97, 0.55, 0.83, 0.99, 1.0, 0.96, 0.93, 0.84, 0.89, 0.94, 0.99, 0.89, 0.93, 0.85, 0.58, 0.95, 0.87, 0.9, 0.6, 0.95, 0.91, 0.21, 0.21, 0.29, 0.51, 0.96, 0.36, 0.55, 0.59, 0.42, 0.55, 0.47, 0.51, 0.91, 0.91, 0.66, 0.59, 0.36, 0.51, 0.93, 0.42, 0.55, 0.47, 0.55, 0.63, 0.47, 0.81, 0.81, 0.86, 0.81], [0.61, 0.51, 0.84, 0.7, 0.89, 0.52, 0.73, 0.91, 0.96, 1.0, 0.88, 0.75, 0.83, 0.92, 0.91, 0.83, 0.85, 0.85, 0.54, 0.89, 0.81, 0.88, 0.6, 0.89, 0.86, 0.23, 0.0, 0.16, 0.47, 0.88, 0.26, 0.52, 0.65, 0.46, 0.61, 0.41, 0.47, 0.86, 0.84, 0.65, 0.57, 0.26, 0.47, 0.88, 0.46, 0.52, 0.41, 0.52, 0.61, 0.43, 0.89, 0.89, 0.89, 0.83], [0.46, 0.35, 0.97, 0.87, 0.95, 0.41, 0.89, 0.93, 0.93, 0.88, 1.0, 0.93, 0.98, 0.98, 0.93, 0.98, 0.95, 0.93, 0.79, 0.99, 0.96, 0.96, 0.71, 0.99, 0.99, 0.15, 0.15, 0.22, 0.38, 0.92, 0.27, 0.41, 0.44, 0.31, 0.41, 0.35, 0.38, 0.99, 0.97, 0.49, 0.44, 0.27, 0.38, 1.0, 0.31, 0.41, 0.55, 0.41, 0.46, 0.41, 0.76, 0.76, 0.79, 0.79], [0.43, 0.41, 0.95, 0.9, 0.88, 0.48, 0.88, 0.86, 0.84, 0.75, 0.93, 1.0, 0.89, 0.88, 0.86, 0.95, 0.88, 0.81, 0.78, 0.93, 0.96, 0.88, 0.74, 0.93, 0.94, 0.18, 0.18, 0.26, 0.45, 0.84, 0.32, 0.48, 0.29, 0.37, 0.35, 0.41, 0.45, 0.91, 0.92, 0.4, 0.39, 0.32, 0.45, 0.93, 0.37, 0.48, 0.57, 0.48, 0.43, 0.48, 0.57, 0.57, 0.62, 0.62], [0.37, 0.28, 0.94, 0.82, 0.91, 0.3, 0.85, 0.9, 0.89, 0.83, 0.98, 0.89, 1.0, 0.95, 0.9, 0.95, 0.91, 0.89, 0.78, 0.96, 0.94, 0.96, 0.68, 0.96, 0.96, 0.16, 0.16, 0.22, 0.32, 0.91, 0.18, 0.3, 0.4, 0.32, 0.36, 0.35, 0.32, 0.96, 0.94, 0.4, 0.39, 0.18, 0.32, 0.98, 0.32, 0.3, 0.49, 0.3, 0.37, 0.36, 0.73, 0.73, 0.73, 0.73], [0.5, 0.37, 0.93, 0.82, 0.9, 0.44, 0.83, 0.91, 0.94, 0.92, 0.98, 0.88, 0.95, 1.0, 0.91, 0.95, 0.9, 0.94, 0.78, 0.96, 0.93, 0.93, 0.72, 0.96, 0.96, 0.17, 0.17, 0.24, 0.41, 0.9, 0.29, 0.44, 0.47, 0.33, 0.44, 0.37, 0.41, 0.96, 0.93, 0.53, 0.47, 0.29, 0.41, 0.98, 0.33, 0.44, 0.6, 0.44, 0.5, 0.44, 0.82, 0.82, 0.85, 0.85], [0.57, 0.42, 0.92, 0.8, 0.98, 0.5, 0.87, 1.0, 0.99, 0.91, 0.93, 0.86, 0.9, 0.91, 1.0, 0.9, 0.95, 0.8, 0.56, 0.96, 0.88, 0.91, 0.55, 0.96, 0.91, 0.19, 0.19, 0.27, 0.46, 0.98, 0.33, 0.5, 0.54, 0.38, 0.5, 0.42, 0.46, 0.91, 0.92, 0.6, 0.53, 0.33, 0.46, 0.93, 0.38, 0.5, 0.42, 0.5, 0.57, 0.43, 0.73, 0.73, 0.78, 0.73], [0.37, 0.35, 0.94, 0.86, 0.91, 0.42, 0.85, 0.9, 0.89, 0.83, 0.98, 0.95, 0.95, 0.95, 0.9, 1.0, 0.91, 0.89, 0.81, 0.96, 0.94, 0.94, 0.73, 0.96, 0.99, 0.16, 0.16, 0.22, 0.39, 0.88, 0.27, 0.42, 0.35, 0.32, 0.3, 0.35, 0.39, 0.96, 0.96, 0.4, 0.34, 0.27, 0.39, 0.98, 0.32, 0.42, 0.57, 0.42, 0.37, 0.42, 0.69, 0.69, 0.73, 0.73], [0.56, 0.42, 0.94, 0.88, 0.97, 0.49, 0.93, 0.95, 0.93, 0.85, 0.95, 0.88, 0.91, 0.9, 0.95, 0.91, 1.0, 0.82, 0.59, 0.97, 0.89, 0.89, 0.64, 0.97, 0.93, 0.19, 0.19, 0.26, 0.45, 0.93, 0.32, 0.49, 0.53, 0.37, 0.49, 0.42, 0.45, 0.93, 0.94, 0.59, 0.53, 0.32, 0.45, 0.95, 0.37, 0.49, 0.5, 0.49, 0.56, 0.49, 0.67, 0.67, 0.72, 0.77], [0.53, 0.4, 0.86, 0.83, 0.82, 0.47, 0.81, 0.8, 0.85, 0.85, 0.93, 0.81, 0.89, 0.94, 0.8, 0.89, 0.82, 1.0, 0.83, 0.9, 0.88, 0.88, 0.82, 0.9, 0.91, 0.18, 0.18, 0.25, 0.43, 0.78, 0.31, 0.47, 0.5, 0.35, 0.47, 0.4, 0.43, 0.91, 0.86, 0.56, 0.5, 0.31, 0.43, 0.93, 0.35, 0.47, 0.63, 0.47, 0.53, 0.47, 0.87, 0.87, 0.9, 0.9], [0.14, 0.0, 0.74, 0.7, 0.59, 0.16, 0.64, 0.56, 0.58, 0.54, 0.79, 0.78, 0.78, 0.78, 0.56, 0.81, 0.59, 0.83, 1.0, 0.72, 0.82, 0.72, 0.74, 0.72, 0.8, 0.0, 0.21, 0.15, 0.09, 0.53, 0.25, 0.16, 0.0, 0.0, 0.0, 0.1, 0.09, 0.8, 0.74, 0.13, 0.08, 0.25, 0.09, 0.79, 0.0, 0.16, 0.67, 0.16, 0.14, 0.24, 0.5, 0.5, 0.57, 0.57], [0.51, 0.38, 0.97, 0.88, 0.97, 0.45, 0.91, 0.96, 0.95, 0.89, 0.99, 0.93, 0.96, 0.96, 0.96, 0.96, 0.97, 0.9, 0.72, 1.0, 0.95, 0.95, 0.68, 1.0, 0.98, 0.17, 0.17, 0.24, 0.41, 0.94, 0.29, 0.45, 0.48, 0.34, 0.45, 0.38, 0.41, 0.98, 0.97, 0.53, 0.48, 0.29, 0.41, 0.99, 0.34, 0.45, 0.53, 0.45, 0.51, 0.45, 0.74, 0.74, 0.78, 0.78], [0.48, 0.36, 0.98, 0.91, 0.89, 0.42, 0.9, 0.88, 0.87, 0.81, 0.96, 0.96, 0.94, 0.93, 0.88, 0.94, 0.89, 0.88, 0.82, 0.95, 1.0, 0.92, 0.74, 0.95, 0.95, 0.16, 0.16, 0.23, 0.39, 0.86, 0.28, 0.42, 0.35, 0.32, 0.42, 0.36, 0.39, 0.95, 0.92, 0.46, 0.45, 0.28, 0.39, 0.96, 0.32, 0.42, 0.57, 0.42, 0.48, 0.42, 0.66, 0.66, 0.7, 0.7], [0.37, 0.36, 0.92, 0.79, 0.92, 0.3, 0.83, 0.91, 0.9, 0.88, 0.96, 0.88, 0.96, 0.93, 0.91, 0.94, 0.89, 0.88, 0.72, 0.95, 0.92, 1.0, 0.6, 0.95, 0.95, 0.16, 0.0, 0.11, 0.33, 0.92, 0.09, 0.3, 0.46, 0.32, 0.42, 0.29, 0.33, 0.95, 0.92, 0.41, 0.4, 0.09, 0.33, 0.96, 0.32, 0.3, 0.36, 0.3, 0.37, 0.24, 0.79, 0.79, 0.74, 0.7], [0.58, 0.52, 0.7, 0.82, 0.59, 0.65, 0.69, 0.55, 0.6, 0.6, 0.71, 0.74, 0.68, 0.72, 0.55, 0.73, 0.64, 0.82, 0.74, 0.68, 0.74, 0.6, 1.0, 0.68, 0.72, 0.29, 0.29, 0.41, 0.59, 0.5, 0.5, 0.65, 0.37, 0.58, 0.44, 0.65, 0.59, 0.68, 0.65, 0.55, 0.51, 0.5, 0.59, 0.71, 0.58, 0.65, 0.77, 0.65, 0.58, 0.76, 0.6, 0.6, 0.7, 0.77], [0.51, 0.38, 0.97, 0.88, 0.97, 0.45, 0.91, 0.96, 0.95, 0.89, 0.99, 0.93, 0.96, 0.96, 0.96, 0.96, 0.97, 0.9, 0.72, 1.0, 0.95, 0.95, 0.68, 1.0, 0.98, 0.17, 0.17, 0.24, 0.41, 0.94, 0.29, 0.45, 0.48, 0.34, 0.45, 0.38, 0.41, 0.98, 0.97, 0.53, 0.48, 0.29, 0.41, 0.99, 0.34, 0.45, 0.53, 0.45, 0.51, 0.45, 0.74, 0.74, 0.78, 0.78], [0.42, 0.35, 0.95, 0.88, 0.93, 0.41, 0.87, 0.91, 0.91, 0.86, 0.99, 0.94, 0.96, 0.96, 0.91, 0.99, 0.93, 0.91, 0.8, 0.98, 0.95, 0.95, 0.72, 0.98, 1.0, 0.16, 0.16, 0.22, 0.38, 0.9, 0.27, 0.41, 0.4, 0.31, 0.35, 0.35, 0.38, 0.98, 0.98, 0.44, 0.39, 0.27, 0.38, 0.99, 0.31, 0.41, 0.56, 0.41, 0.42, 0.41, 0.73, 0.73, 0.76, 0.76], [0.33, 0.45, 0.17, 0.24, 0.19, 0.38, 0.2, 0.19, 0.21, 0.23, 0.15, 0.18, 0.16, 0.17, 0.19, 0.16, 0.19, 0.18, 0.0, 0.17, 0.16, 0.16, 0.29, 0.17, 0.16, 1.0, 0.0, 0.71, 0.41, 0.19, 0.58, 0.38, 0.32, 0.5, 0.38, 0.45, 0.41, 0.16, 0.17, 0.32, 0.35, 0.58, 0.41, 0.15, 0.5, 0.38, 0.45, 0.38, 0.33, 0.38, 0.26, 0.26, 0.24, 0.24], [0.33, 0.0, 0.17, 0.24, 0.19, 0.38, 0.2, 0.19, 0.21, 0.0, 0.15, 0.18, 0.16, 0.17, 0.19, 0.16, 0.19, 0.18, 0.21, 0.17, 0.16, 0.0, 0.29, 0.17, 0.16, 0.0, 1.0, 0.71, 0.41, 0.19, 0.58, 0.38, 0.0, 0.0, 0.0, 0.45, 0.41, 0.16, 0.17, 0.32, 0.35, 0.58, 0.41, 0.15, 0.0, 0.38, 0.45, 0.38, 0.33, 0.38, 0.0, 0.0, 0.24, 0.24], [0.47, 0.32, 0.25, 0.33, 0.26, 0.53, 0.28, 0.27, 0.29, 0.16, 0.22, 0.26, 0.22, 0.24, 0.27, 0.22, 0.26, 0.25, 0.15, 0.24, 0.23, 0.11, 0.41, 0.24, 0.22, 0.71, 0.71, 1.0, 0.58, 0.27, 0.82, 0.53, 0.22, 0.35, 0.27, 0.63, 0.58, 0.22, 0.25, 0.45, 0.5, 0.82, 0.58, 0.22, 0.35, 0.53, 0.63, 0.53, 0.47, 0.53, 0.18, 0.18, 0.34, 0.34], [0.82, 0.91, 0.43, 0.58, 0.45, 0.93, 0.49, 0.46, 0.51, 0.47, 0.38, 0.45, 0.32, 0.41, 0.46, 0.39, 0.45, 0.43, 0.09, 0.41, 0.39, 0.33, 0.59, 0.41, 0.38, 0.41, 0.41, 0.58, 1.0, 0.47, 0.47, 0.93, 0.65, 0.82, 0.77, 0.91, 1.0, 0.32, 0.36, 0.77, 0.87, 0.47, 1.0, 0.38, 0.82, 0.93, 0.37, 0.93, 0.82, 0.77, 0.53, 0.53, 0.59, 0.59], [0.51, 0.43, 0.9, 0.77, 0.96, 0.44, 0.85, 0.98, 0.96, 0.88, 0.92, 0.84, 0.91, 0.9, 0.98, 0.88, 0.93, 0.78, 0.53, 0.94, 0.86, 0.92, 0.5, 0.94, 0.9, 0.19, 0.19, 0.27, 0.47, 1.0, 0.22, 0.44, 0.55, 0.38, 0.51, 0.43, 0.47, 0.9, 0.9, 0.55, 0.54, 0.22, 0.47, 0.92, 0.38, 0.44, 0.34, 0.44, 0.51, 0.36, 0.75, 0.75, 0.75, 0.7], [0.58, 0.26, 0.3, 0.41, 0.32, 0.65, 0.35, 0.33, 0.36, 0.26, 0.27, 0.32, 0.18, 0.29, 0.33, 0.27, 0.32, 0.31, 0.25, 0.29, 0.28, 0.09, 0.5, 0.29, 0.27, 0.58, 0.58, 0.82, 0.47, 0.22, 1.0, 0.65, 0.18, 0.29, 0.22, 0.52, 0.47, 0.27, 0.3, 0.55, 0.41, 1.0, 0.47, 0.27, 0.29, 0.65, 0.77, 0.65, 0.58, 0.65, 0.15, 0.15, 0.42, 0.42], [0.88, 0.85, 0.46, 0.62, 0.49, 1.0, 0.53, 0.5, 0.55, 0.52, 0.41, 0.48, 0.3, 0.44, 0.5, 0.42, 0.49, 0.47, 0.16, 0.45, 0.42, 0.3, 0.65, 0.45, 0.41, 0.38, 0.38, 0.53, 0.93, 0.44, 0.65, 1.0, 0.6, 0.76, 0.71, 0.85, 0.93, 0.35, 0.39, 0.84, 0.8, 0.65, 0.93, 0.41, 0.76, 1.0, 0.51, 1.0, 0.88, 0.86, 0.49, 0.49, 0.64, 0.64], [0.74, 0.71, 0.44, 0.45, 0.53, 0.6, 0.51, 0.54, 0.59, 0.65, 0.44, 0.29, 0.4, 0.47, 0.54, 0.35, 0.53, 0.5, 0.0, 0.48, 0.35, 0.46, 0.37, 0.48, 0.4, 0.32, 0.0, 0.22, 0.65, 0.55, 0.18, 0.6, 1.0, 0.63, 0.84, 0.57, 0.65, 0.4, 0.39, 0.8, 0.78, 0.18, 0.65, 0.44, 0.63, 0.6, 0.14, 0.6, 0.74, 0.48, 0.73, 0.73, 0.69, 0.69], [0.67, 0.89, 0.35, 0.47, 0.37, 0.76, 0.4, 0.38, 0.42, 0.46, 0.31, 0.37, 0.32, 0.33, 0.38, 0.32, 0.37, 0.35, 0.0, 0.34, 0.32, 0.32, 0.58, 0.34, 0.31, 0.5, 0.0, 0.35, 0.82, 0.38, 0.29, 0.76, 0.63, 1.0, 0.76, 0.89, 0.82, 0.23, 0.26, 0.63, 0.71, 0.29, 0.82, 0.31, 1.0, 0.76, 0.22, 0.76, 0.67, 0.76, 0.52, 0.52, 0.49, 0.49], [0.88, 0.85, 0.46, 0.53, 0.49, 0.71, 0.53, 0.5, 0.55, 0.61, 0.41, 0.35, 0.36, 0.44, 0.5, 0.3, 0.49, 0.47, 0.0, 0.45, 0.42, 0.42, 0.44, 0.45, 0.35, 0.38, 0.0, 0.27, 0.77, 0.51, 0.22, 0.71, 0.84, 0.76, 1.0, 0.68, 0.77, 0.35, 0.33, 0.84, 0.94, 0.22, 0.77, 0.41, 0.76, 0.71, 0.17, 0.71, 0.88, 0.57, 0.68, 0.68, 0.64, 0.64], [0.75, 0.8, 0.39, 0.53, 0.42, 0.85, 0.45, 0.42, 0.47, 0.41, 0.35, 0.41, 0.35, 0.37, 0.42, 0.35, 0.42, 0.4, 0.1, 0.38, 0.36, 0.29, 0.65, 0.38, 0.35, 0.45, 0.45, 0.63, 0.91, 0.43, 0.52, 0.85, 0.57, 0.89, 0.68, 1.0, 0.91, 0.28, 0.31, 0.71, 0.79, 0.52, 0.91, 0.35, 0.89, 0.85, 0.4, 0.85, 0.75, 0.85, 0.46, 0.46, 0.54, 0.54], [0.82, 0.91, 0.43, 0.58, 0.45, 0.93, 0.49, 0.46, 0.51, 0.47, 0.38, 0.45, 0.32, 0.41, 0.46, 0.39, 0.45, 0.43, 0.09, 0.41, 0.39, 0.33, 0.59, 0.41, 0.38, 0.41, 0.41, 0.58, 1.0, 0.47, 0.47, 0.93, 0.65, 0.82, 0.77, 0.91, 1.0, 0.32, 0.36, 0.77, 0.87, 0.47, 1.0, 0.38, 0.82, 0.93, 0.37, 0.93, 0.82, 0.77, 0.53, 0.53, 0.59, 0.59], [0.42, 0.28, 0.95, 0.85, 0.93, 0.35, 0.87, 0.91, 0.91, 0.86, 0.99, 0.91, 0.96, 0.96, 0.91, 0.96, 0.93, 0.91, 0.8, 0.98, 0.95, 0.95, 0.68, 0.98, 0.98, 0.16, 0.16, 0.22, 0.32, 0.9, 0.27, 0.35, 0.4, 0.23, 0.35, 0.28, 0.32, 1.0, 0.98, 0.44, 0.39, 0.27, 0.32, 0.99, 0.23, 0.35, 0.56, 0.35, 0.42, 0.35, 0.73, 0.73, 0.76, 0.76], [0.41, 0.31, 0.94, 0.86, 0.94, 0.39, 0.87, 0.92, 0.91, 0.84, 0.97, 0.92, 0.94, 0.93, 0.92, 0.96, 0.94, 0.86, 0.74, 0.97, 0.92, 0.92, 0.65, 0.97, 0.98, 0.17, 0.17, 0.25, 0.36, 0.9, 0.3, 0.39, 0.39, 0.26, 0.33, 0.31, 0.36, 0.98, 1.0, 0.44, 0.37, 0.3, 0.36, 0.97, 0.26, 0.39, 0.54, 0.39, 0.41, 0.39, 0.67, 0.67, 0.72, 0.72], [0.95, 0.71, 0.55, 0.6, 0.59, 0.84, 0.63, 0.6, 0.66, 0.65, 0.49, 0.4, 0.4, 0.53, 0.6, 0.4, 0.59, 0.56, 0.13, 0.53, 0.46, 0.41, 0.55, 0.53, 0.44, 0.32, 0.32, 0.45, 0.77, 0.55, 0.55, 0.84, 0.8, 0.63, 0.84, 0.71, 0.77, 0.44, 0.44, 1.0, 0.89, 0.55, 0.77, 0.49, 0.63, 0.84, 0.42, 0.84, 0.95, 0.72, 0.65, 0.65, 0.77, 0.77], [0.94, 0.79, 0.49, 0.58, 0.53, 0.8, 0.57, 0.53, 0.59, 0.57, 0.44, 0.39, 0.39, 0.47, 0.53, 0.34, 0.53, 0.5, 0.08, 0.48, 0.45, 0.4, 0.51, 0.48, 0.39, 0.35, 0.35, 0.5, 0.87, 0.54, 0.41, 0.8, 0.78, 0.71, 0.94, 0.79, 0.87, 0.39, 0.37, 0.89, 1.0, 0.41, 0.87, 0.44, 0.71, 0.8, 0.32, 0.8, 0.94, 0.67, 0.64, 0.64, 0.69, 0.69], [0.58, 0.26, 0.3, 0.41, 0.32, 0.65, 0.35, 0.33, 0.36, 0.26, 0.27, 0.32, 0.18, 0.29, 0.33, 0.27, 0.32, 0.31, 0.25, 0.29, 0.28, 0.09, 0.5, 0.29, 0.27, 0.58, 0.58, 0.82, 0.47, 0.22, 1.0, 0.65, 0.18, 0.29, 0.22, 0.52, 0.47, 0.27, 0.3, 0.55, 0.41, 1.0, 0.47, 0.27, 0.29, 0.65, 0.77, 0.65, 0.58, 0.65, 0.15, 0.15, 0.42, 0.42], [0.82, 0.91, 0.43, 0.58, 0.45, 0.93, 0.49, 0.46, 0.51, 0.47, 0.38, 0.45, 0.32, 0.41, 0.46, 0.39, 0.45, 0.43, 0.09, 0.41, 0.39, 0.33, 0.59, 0.41, 0.38, 0.41, 0.41, 0.58, 1.0, 0.47, 0.47, 0.93, 0.65, 0.82, 0.77, 0.91, 1.0, 0.32, 0.36, 0.77, 0.87, 0.47, 1.0, 0.38, 0.82, 0.93, 0.37, 0.93, 0.82, 0.77, 0.53, 0.53, 0.59, 0.59], [0.46, 0.35, 0.97, 0.87, 0.95, 0.41, 0.89, 0.93, 0.93, 0.88, 1.0, 0.93, 0.98, 0.98, 0.93, 0.98, 0.95, 0.93, 0.79, 0.99, 0.96, 0.96, 0.71, 0.99, 0.99, 0.15, 0.15, 0.22, 0.38, 0.92, 0.27, 0.41, 0.44, 0.31, 0.41, 0.35, 0.38, 0.99, 0.97, 0.49, 0.44, 0.27, 0.38, 1.0, 0.31, 0.41, 0.55, 0.41, 0.46, 0.41, 0.76, 0.76, 0.79, 0.79], [0.67, 0.89, 0.35, 0.47, 0.37, 0.76, 0.4, 0.38, 0.42, 0.46, 0.31, 0.37, 0.32, 0.33, 0.38, 0.32, 0.37, 0.35, 0.0, 0.34, 0.32, 0.32, 0.58, 0.34, 0.31, 0.5, 0.0, 0.35, 0.82, 0.38, 0.29, 0.76, 0.63, 1.0, 0.76, 0.89, 0.82, 0.23, 0.26, 0.63, 0.71, 0.29, 0.82, 0.31, 1.0, 0.76, 0.22, 0.76, 0.67, 0.76, 0.52, 0.52, 0.49, 0.49], [0.88, 0.85, 0.46, 0.62, 0.49, 1.0, 0.53, 0.5, 0.55, 0.52, 0.41, 0.48, 0.3, 0.44, 0.5, 0.42, 0.49, 0.47, 0.16, 0.45, 0.42, 0.3, 0.65, 0.45, 0.41, 0.38, 0.38, 0.53, 0.93, 0.44, 0.65, 1.0, 0.6, 0.76, 0.71, 0.85, 0.93, 0.35, 0.39, 0.84, 0.8, 0.65, 0.93, 0.41, 0.76, 1.0, 0.51, 1.0, 0.88, 0.86, 0.49, 0.49, 0.64, 0.64], [0.45, 0.2, 0.54, 0.63, 0.42, 0.51, 0.54, 0.42, 0.47, 0.41, 0.55, 0.57, 0.49, 0.6, 0.42, 0.57, 0.5, 0.63, 0.67, 0.53, 0.57, 0.36, 0.77, 0.53, 0.56, 0.45, 0.45, 0.63, 0.37, 0.34, 0.77, 0.51, 0.14, 0.22, 0.17, 0.4, 0.37, 0.56, 0.54, 0.42, 0.32, 0.77, 0.37, 0.55, 0.22, 0.51, 1.0, 0.51, 0.45, 0.68, 0.35, 0.35, 0.54, 0.65], [0.88, 0.85, 0.46, 0.62, 0.49, 1.0, 0.53, 0.5, 0.55, 0.52, 0.41, 0.48, 0.3, 0.44, 0.5, 0.42, 0.49, 0.47, 0.16, 0.45, 0.42, 0.3, 0.65, 0.45, 0.41, 0.38, 0.38, 0.53, 0.93, 0.44, 0.65, 1.0, 0.6, 0.76, 0.71, 0.85, 0.93, 0.35, 0.39, 0.84, 0.8, 0.65, 0.93, 0.41, 0.76, 1.0, 0.51, 1.0, 0.88, 0.86, 0.49, 0.49, 0.64, 0.64], [1.0, 0.75, 0.52, 0.63, 0.56, 0.88, 0.6, 0.57, 0.63, 0.61, 0.46, 0.43, 0.37, 0.5, 0.57, 0.37, 0.56, 0.53, 0.14, 0.51, 0.48, 0.37, 0.58, 0.51, 0.42, 0.33, 0.33, 0.47, 0.82, 0.51, 0.58, 0.88, 0.74, 0.67, 0.88, 0.75, 0.82, 0.42, 0.41, 0.95, 0.94, 0.58, 0.82, 0.46, 0.67, 0.88, 0.45, 0.88, 1.0, 0.76, 0.6, 0.6, 0.73, 0.73], [0.76, 0.68, 0.46, 0.62, 0.42, 0.86, 0.53, 0.43, 0.47, 0.43, 0.41, 0.48, 0.36, 0.44, 0.43, 0.42, 0.49, 0.47, 0.24, 0.45, 0.42, 0.24, 0.76, 0.45, 0.41, 0.38, 0.38, 0.53, 0.77, 0.36, 0.65, 0.86, 0.48, 0.76, 0.57, 0.85, 0.77, 0.35, 0.39, 0.72, 0.67, 0.65, 0.77, 0.41, 0.76, 0.86, 0.68, 0.86, 0.76, 1.0, 0.39, 0.39, 0.55, 0.64], [0.6, 0.58, 0.67, 0.61, 0.72, 0.49, 0.62, 0.73, 0.81, 0.89, 0.76, 0.57, 0.73, 0.82, 0.73, 0.69, 0.67, 0.87, 0.5, 0.74, 0.66, 0.79, 0.6, 0.74, 0.73, 0.26, 0.0, 0.18, 0.53, 0.75, 0.15, 0.49, 0.73, 0.52, 0.68, 0.46, 0.53, 0.73, 0.67, 0.65, 0.64, 0.15, 0.53, 0.76, 0.52, 0.49, 0.35, 0.49, 0.6, 0.39, 1.0, 1.0, 0.94, 0.88], [0.6, 0.58, 0.67, 0.61, 0.72, 0.49, 0.62, 0.73, 0.81, 0.89, 0.76, 0.57, 0.73, 0.82, 0.73, 0.69, 0.67, 0.87, 0.5, 0.74, 0.66, 0.79, 0.6, 0.74, 0.73, 0.26, 0.0, 0.18, 0.53, 0.75, 0.15, 0.49, 0.73, 0.52, 0.68, 0.46, 0.53, 0.73, 0.67, 0.65, 0.64, 0.15, 0.53, 0.76, 0.52, 0.49, 0.35, 0.49, 0.6, 0.39, 1.0, 1.0, 0.94, 0.88], [0.73, 0.54, 0.72, 0.69, 0.77, 0.64, 0.68, 0.78, 0.86, 0.89, 0.79, 0.62, 0.73, 0.85, 0.78, 0.73, 0.72, 0.9, 0.57, 0.78, 0.7, 0.74, 0.7, 0.78, 0.76, 0.24, 0.24, 0.34, 0.59, 0.75, 0.42, 0.64, 0.69, 0.49, 0.64, 0.54, 0.59, 0.76, 0.72, 0.77, 0.69, 0.42, 0.59, 0.79, 0.49, 0.64, 0.54, 0.64, 0.73, 0.55, 0.94, 0.94, 1.0, 0.94], [0.73, 0.54, 0.72, 0.74, 0.72, 0.64, 0.73, 0.73, 0.81, 0.83, 0.79, 0.62, 0.73, 0.85, 0.73, 0.73, 0.77, 0.9, 0.57, 0.78, 0.7, 0.7, 0.77, 0.78, 0.76, 0.24, 0.24, 0.34, 0.59, 0.7, 0.42, 0.64, 0.69, 0.49, 0.64, 0.54, 0.59, 0.76, 0.72, 0.77, 0.69, 0.42, 0.59, 0.79, 0.49, 0.64, 0.65, 0.64, 0.73, 0.64, 0.88, 0.88, 0.94, 1.0]]','[\"elevator10.log\", \"elevator11.log\", \"elevator12.log\", \"elevator13.log\", \"elevator14.log\", \"elevator15.log\", \"elevator16.log\", \"elevator17.log\", \"elevator18.log\", \"elevator19.log\", \"elevator2.log\", \"elevator20.log\", \"elevator21.log\", \"elevator22.log\", \"elevator23.log\", \"elevator24.log\", \"elevator25.log\", \"elevator26.log\", \"elevator27.log\", \"elevator28.log\", \"elevator29.log\", \"elevator3.log\", \"elevator30.log\", \"elevator31.log\", \"elevator32.log\", \"elevator33.log\", \"elevator34.log\", \"elevator35.log\", \"elevator36.log\", \"elevator37.log\", \"elevator38.log\", \"elevator39.log\", \"elevator4.log\", \"elevator40.log\", \"elevator41.log\", \"elevator42.log\", \"elevator43.log\", \"elevator44.log\", \"elevator45.log\", \"elevator46.log\", \"elevator47.log\", \"elevator48.log\", \"elevator49.log\", \"elevator5.log\", \"elevator50.log\", \"elevator51.log\", \"elevator52.log\", \"elevator53.log\", \"elevator54.log\", \"elevator55.log\", \"elevator6.log\", \"elevator7.log\", \"elevator8.log\", \"elevator9.log\"]');
/*!40000 ALTER TABLE `tbl_viz_simheatmaps` ENABLE KEYS */;
UNLOCK TABLES;
/*!40103 SET TIME_ZONE=@OLD_TIME_ZONE */;

/*!40101 SET SQL_MODE=@OLD_SQL_MODE */;
/*!40014 SET FOREIGN_KEY_CHECKS=@OLD_FOREIGN_KEY_CHECKS */;
/*!40014 SET UNIQUE_CHECKS=@OLD_UNIQUE_CHECKS */;
/*!40101 SET CHARACTER_SET_CLIENT=@OLD_CHARACTER_SET_CLIENT */;
/*!40101 SET CHARACTER_SET_RESULTS=@OLD_CHARACTER_SET_RESULTS */;
/*!40101 SET COLLATION_CONNECTION=@OLD_COLLATION_CONNECTION */;
/*!40111 SET SQL_NOTES=@OLD_SQL_NOTES */;

-- Dump completed on 2023-07-07  2:45:40
